"Ingles";"Espanol"
"Ability";"Capacidad, habilidad"
"Able";"Capaz"
"Be able to";"Ser capaz de, poder"
"About";"Sobre, acerca de, aproximadamente"
"About 500 students";"Unos 500 estudiantes, aproximadamente 500 estudiantes"
"The film is about a small boy.";"La película trata sobre un niño pequeño"
"Above";"Encima de, arriba, superior a"
"Abroad";"En el extranjero, al extranjero"
"Absent";"Ausente"
"Absolutely";"Absolutamente, totalmente"
"The movie was absolutely awful.";"La película fue absolutamente horrible"
"Accent";"Acento"
"She has a beautiful French accent.";"Ella tiene un precioso acento francés"
"Accept";"Aceptar, admitir"
"Acceptable";"Aceptable, tolerable"
"Access";"Acceso, acceder"
"Disabled access";"Acceso para personas con discapacidad"
"Internet access";"Acceso a Internet"
"Easy access to the city centre";"Fácil acceso al centro de la ciudad"
"Accident";"Accidente"
"Accommodation";"Alojamiento, hospedaje"
"Accompany";"Acompañar"
"According to";"Según, de acuerdo con"
"Account";"Cuenta, explicación, relato"
"Accountant";"Contable, contador"
"Accurate";"Preciso, exacto"
"Ache";"Dolor, achaque"
"Achieve";"Lograr, conseguir, alcanzar"
"Achievement";"Logro, éxito"
"Across";"A través de, al otro lado de"
"Act";"Acto, actuar"
"In the second act";"En el segundo acto"
"To act in a play";"Actuar en una obra de teatro"
"Stop acting like a child.";"Deja de comportarte como un niño"
"Action";"Acción"
"Active";"Activo"
"Activity";"Actividad"
"Actor";"Actor"
"Actress";"Actriz"
"Actually";"En realidad, de hecho"
"She seems a bit strict at first, but she’s actually very nice.";"Parece un poco estricta al principio, pero en realidad es muy agradable"
"Are you actually going to take the job?";"¿De verdad vas a aceptar el trabajo?"
"Ad";"Anuncio, publicidad"
"Add";"Añadir, sumar"
"Addition";"Adición, suma"
"In addition";"Además"
"Address";"Dirección, dirigirse a"
"Admire";"Admirar"
"Admission";"Admisión, entrada"
"Charges/cost/price";"Cargos, coste, precio"
"Admit";"Admitir, reconocer"
"Adult";"Adulto"
"Advance";"Avance, adelantar(se)"
"Book in advance";"Reservar con antelación"
"Advanced";"Avanzado"
"Advantage";"Ventaja"
"Adventure";"Aventura"
"Advert";"Anuncio"
"Advertise";"Anunciar, publicitar"
"Advertisement";"Anuncio, publicidad"
"Advice";"Consejo"
"Advise";"Aconsejar"
"Aeroplane/ airplane";"Avión"
"Affect";"Afectar"
"Afford";"Permitirse, costear"
"Afraid";"Asustado, tener miedo"
"After";"Después de"
"Afternoon";"Tarde"
"Afterwards";"Después, posteriormente"
"Again";"Otra vez, de nuevo"
"Against";"Contra"
"Age";"Edad, envejecer"
"Aged";"De edad avanzada"
"Agency";"Agencia"
"A travel agency";"Una agencia de viajes"
"Ages";"Muchísimo tiempo"
"It took ages for the bus to arrive.";"El autobús tardó muchísimo en llegar"
"Ago";"Hace"
"Agree";"Estar de acuerdo"
"Ahead";"Por delante"
"Aim";"Objetivo, apuntar"
"Air";"Aire"
"Air conditioning";"Aire acondicionado"
"Air force";"Fuerza aérea"
"Airline";"Aerolínea"
"Airport";"Aeropuerto"
"Alarm";"Alarma"
"Alarm clock";"Despertador"
"Album";"Álbum"
"Alike";"Parecido, similar"
"Alive";"Vivo"
"All";"Todo, todos"
"All right/alright";"Bien, de acuerdo"
"Allow";"Permitir"
"Almost";"Casi"
"Alone";"Solo, a solas"
"Along";"A lo largo de"
"Aloud";"En voz alta"
"Alphabet";"Alfabeto"
"Already";"Ya"
"Also";"También"
"Although";"Aunque"
"Altogether";"En total"
"Always";"Siempre"
"A.M.";"A. M."
"Amazed";"Asombrado"
"Amazing";"Increíble"
"Ambition";"Ambición"
"Ambulance";"Ambulancia"
"Among";"Entre"
"Amount";"Cantidad"
"Amusing";"Divertido"
"An";"Un, una"
"Ancient";"Antiguo"
"And";"Y"
"Angry";"Enfadado"
"Animal";"Animal"
"Ankle";"Tobillo"
"Anniversary";"Aniversario"
"Announce";"Anunciar"
"Announcement";"Anuncio"
"Annoy";"Molestar"
"Annoyed";"Molesto"
"Annual";"Anual"
"Another";"Otro"
"Answer";"Respuesta, responder"
"Answerphone";"Contestador automático"
"Ant";"Hormiga"
"Antique";"Antiguo, antigüedad"
"Anxious";"Ansioso, nervioso"
"Any";"Cualquier"
"Anybody";"Cualquiera"
"Anymore";"Ya no"
"Anyone";"Cualquiera"
"Anything";"Cualquier cosa"
"Anyway";"De todos modos"
"Anywhere";"En cualquier lugar"
"Apart";"Separado"
"Apart from";"Aparte de"
"Apartment";"Apartamento, piso"
"Apartment building";"Edificio de apartamentos"
"Apologise/ apologize";"Disculparse"
"Apology";"Disculpa"
"App";"Aplicación"
"Download the app to your phone.";"Descarga la aplicación en tu teléfono"
"Appear";"Aparecer, parecer"
"Appearance";"Apariencia"
"Apple";"Manzana"
"Application";"Solicitud, aplicación"
"Job application";"Solicitud de empleo"
"Application form";"Formulario de solicitud"
"Apply";"Solicitar, aplicar"
"Appointment";"Cita"
"Approach";"Acercarse, enfoque"
"Approve";"Aprobar"
"Approximately";"Aproximadamente"
"Architect";"Arquitecto"
"Architecture";"Arquitectura"
"Area";"Zona"
"Argue";"Discutir"
"Argument";"Discusión"
"Arithmetic";"Aritmética"
"Arm";"Brazo, arma"
"Armchair";"Sillón"
"Army";"Ejército"
"Around";"Alrededor de"
"Arrange";"Organizar"
"Arrangement";"Organización"
"Arrest";"Arrestar"
"Arrival";"Llegada"
"Arrive";"Llegar"
"Art";"Arte"
"Article";"Artículo"
"Artist";"Artista"
"As";"Como"
"Ashamed";"Avergonzado"
"Ask";"Preguntar, pedir"
"Asleep";"Dormido"
"As long as";"Siempre que"
"Aspirin";"Aspirina"
"Assist";"Ayudar"
"Assistant";"Asistente"
"Astronaut";"Astronauta"
"As well";"También"
"At";"En"
"At / @";"Arroba"
"My email address is david@cambridge.org";"Mi dirección de correo electrónico es david@cambridge.org"
"At all";"En absoluto"
"At first";"Al principio"
"Athlete";"Atleta"
"Athletics";"Atletismo"
"At last";"Por fin"
"At least";"Al menos"
"Atmosphere";"Atmósfera, ambiente"
"At once";"Inmediatamente"
"At present";"Actualmente"
"Attach";"Adjuntar"
"Attack";"Ataque, atacar"
"Attempt";"Intento, intentar"
"Attend";"Asistir"
"Attention";"Atención"
"At the same time";"Al mismo tiempo"
"Attitude";"Actitud"
"Attract";"Atraer"
"Attraction";"Atracción"
"Attractive";"Atractivo"
"Audience";"Público"
"Aunt";"Tía"
"Author";"Autor"
"Autumn";"Otoño"
"Available";"Disponible"
"Average";"Promedio"
"Avoid";"Evitar"
"Awake";"Despierto"
"Away";"Lejos"
"Awesome";"Impresionante"
"Awful";"Horrible"
"Baby";"Bebé"
"Babysitter";"Niñera"
"Back";"Espalda, atrás, volver"
"Background";"Fondo, antecedentes, contexto"
"Backpack";"Mochila"
"Backpacker";"Mochilero"
"Backpacking";"Viajar con mochila"
"Backwards";"Hacia atrás"
"Bad";"Malo"
"Badly";"Mal"
"Badminton";"Bádminton"
"Bag";"Bolsa, bolso"
"Baggage";"Equipaje"
"Bake";"Hornear"
"Baker";"Panadero"
"Balcony";"Balcón"
"Bald";"Calvo"
"Ball";"Pelota, balón"
"Ballet";"Ballet"
"Balloon";"Globo"
"Banana";"Plátano"
"Band";"Banda, grupo musical"
"Bandage";"Vendaje"
"Bank";"Banco"
"Bank account";"Cuenta bancaria"
"Banker";"Banquero"
"Banking";"Banca, actividad bancaria"
"Bar";"Bar"
"Barbecue";"Barbacoa"
"Barber";"Barbero"
"Bargain";"Ganga, buena compra"
"Baseball";"Béisbol"
"Base";"Base, basar"
"Basic";"Básico"
"Basin";"Lavabo, palangana"
"Basket";"Cesta"
"Basketball";"Baloncesto"
"Bat";"Bate, murciélago"
"Bath";"Baño"
"Bathing suit";"Traje de baño"
"Bathroom";"Baño, cuarto de baño"
"Bathtub";"Bañera"
"Battery";"Batería, pila"
"Battle";"Batalla"
"Bay";"Bahía"
"Be";"Ser, estar"
"Beach";"Playa"
"Bean";"Judía, frijol"
"Bear";"Oso, soportar"
"Beard";"Barba"
"Beat";"Golpear, vencer"
"Beautiful";"Hermoso"
"Beauty";"Belleza"
"Because";"Porque"
"Because of";"A causa de"
"Become";"Llegar a ser, convertirse en"
"Bed";"Cama"
"Bedroom";"Dormitorio"
"Bee";"Abeja"
"Beef";"Carne de vaca"
"Before";"Antes de"
"Begin";"Empezar"
"Beginner";"Principiante"
"Beginning";"Principio, comienzo"
"Behave";"Comportarse"
"Behaviour";"Comportamiento"
"Behind";"Detrás de"
"Believe";"Creer"
"Bell";"Campana, timbre"
"Belong";"Pertenecer"
"Below";"Debajo de"
"Belt";"Cinturón"
"Beneath";"Debajo de"
"Benefit";"Beneficio"
"Be over";"Terminar, acabarse"
"The game is over – you’re too late!";"El juego ha terminado: llegas demasiado tarde"
"Beside";"Al lado de"
"Besides";"Además"
"Best";"El mejor"
"Bestseller";"Superventas"
"Better";"Mejor"
"Feel better";"Sentirse mejor"
"Get better";"Mejorar"
"Between";"Entre"
"Beyond";"Más allá de"
"Bicycle";"Bicicleta"
"Big";"Grande"
"Bike";"Bici"
"Bill";"Factura, billete"
"Electricity bill";"Factura de la luz"
"Bin";"Papelera, cubo de basura"
"Biography";"Biografía"
"Biology";"Biología"
"Bird";"Pájaro"
"Birth";"Nacimiento"
"Birthday";"Cumpleaños"
"Biscuit";"Galleta"
"Bit";"Trozo, un poco"
"Bite";"Morder"
"Bitter";"Amargo"
"Black";"Negro"
"Blackboard";"Pizarra"
"Blame";"Culpar"
"Blank";"En blanco"
"A blank piece of paper";"Una hoja en blanco"
"Blanket";"Manta"
"Bleed";"Sangrar"
"Blind";"Ciego"
"Block";"Manzana, bloque"
"Shall we walk round the block?";"¿Damos la vuelta a la manzana?"
"Block of flats";"Bloque de pisos"
"Blog";"Blog"
"Blogger";"Bloguero"
"Blond";"Rubio"
"Blood";"Sangre"
"Blouse";"Blusa"
"Blow";"Soplar"
"Blue";"Azul"
"Board";"Tabla, tablero"
"Board game";"Juego de mesa"
"Boarding pass";"Tarjeta de embarque"
"Boat";"Barco"
"Body";"Cuerpo"
"Boil";"Hervir"
"Boiled";"Hervido"
"Bold";"Audaz, en negrita"
"Bomb";"Bomba"
"Bone";"Hueso"
"Book";"Libro"
"Bookcase";"Estantería"
"Booking";"Reserva"
"I have a booking for the 19th.";"Tengo una reserva para el día 19"
"Booking office";"Taquilla"
"Bookshelf";"Estantería"
"Bookshop";"Librería"
"Bookstore";"Librería"
"Boot";"Bota"
"A pair of boots";"Un par de botas"
"The boot of the car";"El maletero del coche"
"Border";"Frontera"
"Bored";"Aburrido"
"Boring";"Aburrido"
"Born";"Nacido"
"Borrow";"Pedir prestado"
"Boss";"Jefe"
"Bossy";"Mandón"
"Both";"Ambos"
"Bother";"Molestar"
"Sorry to bother you, can you tell me the time?";"Perdona que te moleste, ¿puedes decirme la hora?"
"My job’s hard but that doesn’t bother me.";"Mi trabajo es duro pero eso no me molesta"
"‘Don’t bother!’";"No te molestes"
"Bottle";"Botella"
"Bottle bank";"Contenedor de vidrio"
"Bottom";"Fondo, parte inferior"
"Bowl";"Cuenco"
"Box";"Caja"
"Boxing";"Boxeo"
"Boy";"Niño"
"Boyfriend";"Novio"
"Bracelet";"Pulsera"
"Brain";"Cerebro"
"Brake";"Freno, frenar"
"Branch";"Rama"
"Brand new";"Nuevo a estrenar"
"Brave";"Valiente"
"Bread";"Pan"
"Break";"Romper, descanso"
"Break down";"Averiarse"
"The car has broken down.";"El coche se ha averiado"
"Breakfast";"Desayuno"
"Break in";"Entrar por la fuerza"
"Someone broke in and stole the computer.";"Alguien entró a robar y se llevó el ordenador"
"Break up";"Romper, separarse"
"When does school break up?";"¿Cuándo empiezan las vacaciones escolares?"
"The pop group has broken up.";"El grupo se ha separado"
"Breath";"Aliento, respiración"
"Breathe";"Respirar"
"Breeze";"Brisa"
"Bride";"Novia"
"Bridge";"Puente"
"Brief";"Breve"
"Bright";"Brillante"
"Brilliant";"Genial, brillante"
"Bring";"Traer"
"Bring up";"Criar, sacar adelante"
"She was brought up in London.";"Ella se crió en Londres"
"Broad";"Ancho"
"Broccoli";"Brócoli"
"Brochure";"Folleto"
"Broken";"Roto"
"Brother";"Hermano"
"Brown";"Marrón"
"Brush";"Cepillo"
"Bucket";"Cubo"
"Bug";"Bicho, error informático"
"He found a bug in his bed.";"Encontró un bicho en su cama"
"Build";"Construir"
"Building";"Edificio"
"Bulb";"Bombilla"
"Light bulb";"Bombilla"
"Bull";"Toro"
"Bunch";"Ramo, grupo"
"A bunch of flowers";"Un ramo de flores"
"A great bunch of friends";"Un gran grupo de amigos"
"Burger";"Hamburguesa"
"Burn";"Quemar"
"Burning";"Ardiente"
"Bury";"Enterrar"
"Bus";"Autobús"
"Bush";"Arbusto"
"Business";"Negocio"
"Businessman";"Empresario"
"Businesswoman";"Empresaria"
"Bus station";"Estación de autobuses"
"Bus stop";"Parada de autobús"
"Busy";"Ocupado"
"But";"Pero"
"Butcher";"Carnicero"
"Butter";"Mantequilla"
"Butterfly";"Mariposa"
"Button";"Botón"
"Buy";"Comprar"
"Buyer";"Comprador"
"By";"Por"
"By accident";"Por accidente"
"By hand";"A mano"
"By mistake";"Por error"
"By name";"Por nombre"
"Bye";"Adiós"
"Cab";"Taxi"
"Cabbage";"Col"
"Cabin";"Cabaña, cabina"
"Cabinet";"Armario, gabinete"
"Cable";"Cable"
"Café/cafe";"Café"
"Cafeteria";"Cafetería"
"Cake";"Pastel, tarta"
"Calculator";"Calculadora"
"Calendar";"Calendario"
"Calf";"Ternero, pantorrilla"
"Call";"Llamar, llamada"
"Call for";"Pedir, recoger"
"I’ll call for you at 7.";"Te recogeré a las 7"
"Call in";"Pasar a ver"
"She called in to see a friend.";"Ella pasó a ver a una amiga"
"Calm";"Calma, tranquilo"
"Camel";"Camello"
"Camera";"Cámara"
"Camp";"Campamento, acampar"
"Camping";"Camping"
"Campsite";"Camping, campamento"
"Can";"Poder, lata"
"Canal";"Canal"
"Cancel";"Cancelar"
"Candidate";"Candidato"
"Candle";"Vela"
"Candy";"Caramelo, dulce"
"Canteen";"Cantina"
"Cap";"Gorra, tapa"
"Capital";"Capital"
"Capital city";"Capital"
"Capital letter";"Letra mayúscula"
"The capital of Italy";"La capital de Italia"
"Captain";"Capitán"
"Car";"Coche"
"Card";"Tarjeta"
"Birthday card";"Tarjeta de cumpleaños"
"Credit card";"Tarjeta de crédito"
"Card game";"Juego de cartas"
"Cardboard";"Cartón"
"Care";"Cuidado, cuidar"
"Take care of someone";"Cuidar de alguien"
"To care for someone / something";"Preocuparse por alguien / algo"
"Career";"Carrera profesional"
"Careful";"Cuidadoso"
"Carefully";"Cuidadosamente"
"Careless";"Descuidado"
"Car park";"Aparcamiento"
"Carpet";"Alfombra, moqueta"
"Carrot";"Zanahoria"
"Carry";"Llevar, transportar"
"Carry on";"Continuar"
"He carried on walking despite the rain.";"Continuó caminando a pesar de la lluvia"
"Carry out";"Llevar a cabo"
"She carried out the plan according to the instructions.";"Ella llevó a cabo el plan según las instrucciones"
"Cartoon";"Dibujos animados, caricatura"
"Case";"Caso, maleta"
"Would you like me to carry your case?";"¿quieres que te lleve la maleta?"
"I will make an exception in this case.";"Haré una excepción en este caso"
"Cash";"Dinero en efectivo"
"Cash machine";"Cajero automático"
"Cashpoint";"Cajero automático"
"Castle";"Castillo"
"Casual";"Informal"
"Casual clothes";"Ropa informal"
"Cat";"Gato"
"Catch";"Atrapar, coger"
"Cathedral";"Catedral"
"Cattle";"Ganado"
"Cave";"Cueva"
"CD";"CD"
"CD player";"Reproductor de CD"
"Ceiling";"Techo"
"Celebrate";"Celebrar"
"Celebration";"Celebración"
"Celebrity";"Celebridad"
"Cell phone (USA) /Mobile phone (UK)";"Teléfono móvil"
"Cent";"Centavo"
"Centimetre/ centimeter";"Centímetro"
"Central";"Central"
"Central heating";"Calefacción central"
"Centre/center";"Centro"
"Century";"Siglo"
"Cereal";"Cereal"
"Ceremony";"Ceremonia"
"Certain";"Cierto"
"Certainly";"Ciertamente"
"Certificate";"Certificado"
"Chain";"Cadena"
"Chair";"Silla"
"Challenge";"Desafío, reto"
"Challenging";"Difícil, desafiante"
"Champion";"Campeón"
"Championship";"Campeonato"
"Chance";"Oportunidad"
"Change";"Cambio, cambiar"
"Changing room";"Vestuario"
"Channel";"Canal"
"Chapter";"Capítulo"
"Character";"Personaje, carácter"
"Charge";"Cobrar, carga"
"Charity";"Caridad"
"She works for a charity.";"Ella trabaja para una organización benéfica"
"Charming";"Encantador"
"Chat";"Charlar, chat"
"To chat online";"Chatear en línea"
"Chatroom";"Sala de chat"
"Chat show";"Programa de entrevistas"
"Cheap";"Barato"
"Cheat";"Hacer trampas"
"Check";"Comprobar, cheque"
"Check in";"Registrarse"
"They checked in to a hotel.";"Se registraron en un hotel"
"Check-in";"Registro"
"Your keys are at the check-in desk.";"Tus llaves están en el mostrador de registro"
"Check out";"Salir, pagar"
"He checked out of the hotel at the end of his stay.";"Salió del hotel al final de su estancia"
"Checkout";"Caja"
"Cheek";"Mejilla"
"Cheerful";"Alegre"
"Cheers!";"¡Salud!"
"Cheese";"Queso"
"Chef";"Chef"
"Chemist";"Farmacéutico"
"Chemistry";"Química"
"Cheque";"Cheque"
"Chess";"Ajedrez"
"Chest of drawers";"Cómoda"
"Chicken";"Pollo"
"Child";"Niño"
"Childhood";"Infancia"
"Chill out";"Relajarse"
"Chilli";"Chile, guindilla"
"Chin";"Mentón"
"Chip";"Patata frita, chip"
"I love fish and chips.";"Me encanta el pescado con patatas"
"Chocolate";"Chocolate"
"Choice";"Elección"
"Choose";"Elegir"
"Cinema";"Cine"
"Circle";"Círculo"
"Circus";"Circo"
"City";"Ciudad"
"Clap";"Aplaudir"
"Class";"Clase"
"Language class";"Clase de idiomas"
"First class, second class";"Primera clase, segunda clase"
"Classical";"Clásico"
"Classical music";"Música clásica"
"Classmate";"Compañero de clase"
"Classroom";"Aula"
"Clean";"Limpio, limpiar"
"Cleaner";"Limpiador"
"Clear";"Claro"
"Clearly";"Claramente"
"Clever";"Listo, inteligente"
"Click";"Hacer clic"
"Cliff";"Acantilado"
"Climate";"Clima"
"Climate change";"Cambio climático"
"Climb";"Escalar"
"Climbing";"Escalada"
"Clinic";"Clínica"
"Clock";"Reloj"
"Close";"Cerrar, cerca"
"Closed";"Cerrado"
"Clothes";"Ropa"
"Clothing";"Vestimenta"
"Cloud";"Nube"
"Cloudy";"Nublado"
"Clown";"Payaso"
"Club";"Club"
"To join a club";"Unirse a un club"
"Coach";"Entrenador, autobús"
"Coast";"Costa"
"Coat";"Abrigo"
"Coconut";"Coco"
"Cod";"Bacalao"
"Coffee";"Café"
"Coin";"Moneda"
"Cola";"Cola"
"Cold";"Frío"
"Collar";"Cuello"
"Colleague";"Colega"
"Collect";"Recoger, coleccionar"
"Collection";"Colección"
"College";"Facultad universitaria (USA). Escuela de formación profesional (UK)"
"Colour /color";"Color"
"Colourful /colorful";"Colorido"
"Comb";"Peine"
"Come";"Venir"
"Comedy";"Comedia"
"Come on";"Vamos"
"Come on or we'll miss the bus.";"Vamos o perderemos el autobús"
"Comfort";"Comodidad"
"Comfortable";"Cómodo"
"Comment";"Comentario, comentar"
"I’m going to comment on the blog post.";"Voy a comentar en la entrada del blog"
"Comic";"Cómic, tebeo"
"Comma";"Coma"
"Please leave comments below.";"Por favor, deja comentarios abajo"
"Common";"Común"
"A common surname";"Un apellido común"
"Have something in common";"Tener algo en común"
"Communicate";"Comunicar"
"Communication";"Comunicación"
"Company";"Empresa"
"Compare";"Comparar"
"Compete";"Competir"
"Competition";"Competición, concurso, competencia"
"Competitor";"Competidor"
"Complain";"Quejarse"
"Complaint";"Queja"
"Complete";"Completo"
"Completely";"Completamente"
"Complicated";"Complicado"
"Composition";"Composición"
"Computer";"Ordenador"
"Concentrate";"Concentrarse"
"Concert";"Concierto"
"Conclusion";"Conclusión"
"Condition";"Condición"
"In good condition";"En buen estado"
"Conference";"Conferencia"
"Confident";"Seguro de sí mismo"
"Confirm";"Confirmar"
"Confused";"Confundido"
"Confusing";"Confuso"
"Congratulations!";"¡felicidades!"
"Connect";"Conectar"
"Connection";"Conexión"
"Consider";"Considerar"
"Consist of";"Constar de"
"Consonant";"Consonante"
"Contact";"Contacto"
"Contain";"Contener"
"Contents";"Contenido"
"Contest";"Concurso"
"Continent";"Continente"
"Continue";"Continuar"
"Contract";"Contrato"
"Control";"Control"
"A remote control";"Mando a distancia"
"Control your dog!";"Controla a tu perro"
"Convenient";"Conveniente"
"Conversation";"Conversación"
"Convince";"Convencer"
"Cook";"Cocinar"
"Cooker";"Cocina"
"Cookery";"Cocina (arte)"
"Cookie";"Galleta"
"Cooking";"Cocinar"
"Cool";"Guay, fresco"
"Copy";"Copiar, copia"
"Corn";"Maíz"
"Corner";"Esquina"
"Correct";"Correcto"
"Correction";"Corrección"
"Cost";"Coste, costar"
"Costume";"Disfraz, traje"
"I forgot my swimming costume.";"Olvidé mi traje de baño"
"National costume";"Traje nacional"
"A Halloween costume";"Disfraz de Halloween"
"Cosy /cozy";"Acogedor"
"Cottage";"Casa de campo"
"Cotton";"Algodón"
"Cough";"Toser"
"Could";"Podría"
"Count";"Contar"
"Country";"País"
"Countryside";"Campo"
"Couple";"Pareja"
"Courage";"Valentía"
"Course";"Curso"
"English course";"Curso de inglés"
"Main course";"Plato principal"
"Of course";"Por supuesto"
"Court";"Tribunal, cancha"
"Law court";"Tribunal"
"Tennis court";"Pista de tenis"
"Cousin";"Primo"
"Cover";"Cubrir"
"Cow";"Vaca"
"Crash";"Choque, accidente"
"Cream";"Nata, crema"
"Create";"Crear"
"Creative";"Creativo"
"Creature";"Criatura"
"Credit";"Crédito"
"Crew";"Tripulación"
"Cabin crew";"Tripulación de cabina"
"Cricket";"Críquet"
"Crime";"Crimen"
"Criminal";"Criminal"
"Crops";"Cultivos"
"Cross";"Cruzar, cruz"
"Crossing";"Cruce, paso"
"Pedestrian crossing";"Paso de peatones"
"Cross out";"Tachar"
"Cross it out and write it again.";"Táchalo y escríbelo de nuevo"
"Crossroads";"Cruce de caminos"
"Crowd";"Multitud"
"Crowded";"Abarrotado"
"Cruel";"Cruel"
"Cruise";"Crucero"
"Cry";"Llorar"
"Cucumber";"Pepino"
"Cultural";"Cultural"
"Culture";"Cultura"
"Cup";"Taza"
"Cupboard";"Armario"
"Cure";"Cura, curar"
"Curious";"Curioso"
"Curiously";"Curiosamente"
"‘Why?’ she asked him curiously.";"¿Por qué?, preguntó curiosamente"
"Curly";"Rizado"
"Currency";"Moneda"
"Curriculum";"Currículum"
"Curry";"Curry"
"Curtain";"Cortina"
"Cushion";"Cojín"
"Custom";"Costumbre"
"Customer";"Cliente"
"Customs";"Aduanas"
"I work as a customs officer.";"Trabajo como agente de aduanas"
"Cut";"Cortar"
"Cute";"Mono, lindo"
"Cut up";"Trocear"
"She cut up the cake into small pieces.";"Ella cortó el pastel en trozos pequeños"
"CV";"Currículum"
"Cycle";"Ciclo, bicicleta"
"Cycling";"Ciclismo"
"Cyclist";"Ciclista"
"Dad";"Papá"
"Daily";"Diario, diariamente"
"Damage";"Daño, dañar"
"Damaged";"Dañado"
"Dance";"Bailar, baile"
"Dancer";"Bailarín"
"Dancing";"Baile"
"Danger";"Peligro"
"Dangerous";"Peligroso"
"Dark";"Oscuro"
"Data";"Datos"
"Date";"Fecha, cita"
"Today’s date";"La fecha de hoy"
"Daughter";"Hija"
"Day";"Día"
"Dead";"Muerto"
"Deaf";"Sordo"
"Deal";"Trato, acuerdo, tratar"
"Deal with";"Tratar con"
"I’ve had some problems to deal with.";"He tenido algunos problemas que tratar"
"I deal with many people in my job.";"Trato con mucha gente en mi trabajo"
"Dear";"Querido, caro"
"Too dear to buy";"Demasiado caro para comprar"
"Dear sir";"Estimado señor"
"Oh dear!";"¡Ay, Dios!"
"Death";"Muerte"
"Decide";"Decidir"
"Decision";"Decisión"
"Declare";"Declarar"
"Decorate";"Decorar"
"Decrease";"Disminuir, disminución"
"Deep";"Profundo"
"Defeat";"Derrota, derrotar"
"Defence/ defense";"Defensa"
"Defend";"Defender"
"Definitely";"Definitivamente"
"Degree";"Grado, título"
"90 degrees";"90 grados"
"A degree in maths/ math";"Un título en matemáticas"
"Delay";"Retraso, retrasar"
"Delayed";"Retrasado"
"Delete";"Eliminar, borrar"
"Delicious";"Delicioso"
"Delighted";"Encantado"
"Deliver";"Entregar"
"Delivery";"Entrega"
"Demand";"Demanda, exigir"
"Dentist";"Dentista"
"Depart";"Salir, partir"
"Department";"Departamento"
"Department store";"Grandes almacenes"
"Departure";"Salida"
"Depend";"Depender"
"It depends on what you want to do.";"Depende de lo que quieras hacer"
"Deposit";"Depósito"
"Pay a deposit";"Pagar un depósito, una fianza"
"Depressed";"Deprimido"
"Depth";"Profundidad"
"The depth of the water";"La profundidad del agua"
"Describe";"Describir"
"Description";"Descripción"
"Desert";"Desierto"
"Deserve";"Merecer"
"Design";"Diseño, diseñar"
"Designer";"Diseñador"
"Desk";"Escritorio"
"Despite";"A pesar de"
"Dessert";"Postre"
"Destination";"Destino"
"Destroy";"Destruir"
"Detail";"Detalle"
"Detective";"Detective"
"Develop";"Desarrollar"
"Development";"Desarrollo"
"Diagram";"Diagrama"
"Dial";"Marcar, dial"
"Dial up";"Conexión telefónica, marcar números"
"Diary";"Diario"
"Dictionary";"Diccionario"
"Die";"Morir"
"Diet";"Dieta"
"Difference";"Diferencia"
"Different";"Diferente"
"Difficult";"Difícil"
"Difficulty";"Dificultad"
"Dig";"Cavar"
"Digital";"Digital"
"Digital camera";"Cámara digital"
"Dining room";"Comedor"
"Dinner";"Cena"
"Dinosaur";"Dinosaurio"
"Diploma";"Diploma"
"Direct";"Directo, dirigir"
"Direction";"Dirección"
"Directly";"Directamente"
"Director";"Director"
"Dirt";"Suciedad"
"Dirty";"Sucio"
"Disabled";"Discapacitado"
"Disadvantage";"Desventaja"
"Disagree";"Estar en desacuerdo"
"Disappear";"Desaparecer"
"Disappoint";"Decepcionar"
"Disappointed";"Decepcionado"
"Disappointing";"Decepcionante"
"Disappointment";"Decepción"
"Disc/disk";"Disco"
"Hard disk";"Disco duro"
"Disc jockey";"Disc jockey"
"Disco";"Discoteca"
"Discount";"Descuento"
"Discover";"Descubrir"
"Discovery";"Descubrimiento"
"Discuss";"Discutir"
"Discussion";"Discusión"
"Disease";"Enfermedad"
"Disgusting";"Repugnante"
"Dish";"Plato"
"Dishwasher";"Lavavajillas"
"Dislike";"No gustar, desagradar"
"Display";"Mostrar, exposición"
"Distance";"Distancia"
"District";"Distrito"
"Disturb";"Molestar"
"Dive";"Bucear, zambullirse"
"Diver";"Buzo"
"Divide";"Dividir"
"Diving";"Buceo"
"DJ";"DJ"
"Do";"Hacer"
"Document";"Documento"
"Documentary";"Documental"
"Dog";"Perro"
"Doll";"Muñeca"
"Dollar";"Dólar"
"Dolphin";"Delfín"
"Donkey";"Burro"
"Door";"Puerta"
"Dot";"Punto"
"Have you visited Cambridge dot org?";"¿Has visitado Cambridge punto org?"
"Double";"Doble"
"Doubt";"Duda, dudar"
"I doubt that I’ll get the job";"Dudo que consiga el trabajo"
"Down";"Abajo"
"Download";"Descargar"
"Downstairs";"Abajo, planta baja"
"Dozen";"Docena"
"Dr / doctor";"Doctor"
"Drag";"Arrastrar"
"Just drag and drop the file into the trash can.";"Arrastra y suelta el archivo en la papelera"
"Drama";"Drama"
"Draw";"Dibujar, sacar"
"To draw a picture of someone or something";"Dibujar una imagen de alguien o algo"
"To draw the curtains";"Correr las cortinas"
"To draw near";"Acercarse"
"Drawer";"Cajón"
"Drawing";"Dibujo"
"Dream";"Sueño, soñar"
"Dress";"Vestido, vestir"
"Dressed";"Vestido"
"Get dressed";"Vestirse"
"Drink";"Beber, bebida"
"Drive";"Conducir"
"Driver";"Conductor"
"Driver’s licence /license";"Carné de conducir"
"Driving licence /license";"Permiso de conducir"
"Drop";"Caer, soltar, descenso"
"There has been a drop in prices recently.";"Ha habido una bajada de precios recientemente"
"I almost dropped my cup.";"Casi se me cayó la taza"
"Drugstore";"Farmacia y parafarmacia (USA)"
"Drum";"Tambor"
"Dry";"Seco"
"Duck";"Pato"
"Due";"Debido"
"The next bus is due in five minutes.";"El próximo autobús llega en cinco minutos"
"Due to";"Debido a"
"Dull";"Aburrido"
"During";"Durante"
"Dust";"Polvo"
"Dustbin";"Cubo de basura"
"Dusty";"Polvoriento"
"Duty";"Deber"
"Duty-free";"Libre de impuestos"
"Duvet";"Edredón"
"DVD";"DVD"
"DVD player";"Reproductor de DVD"
"Each";"Cada, cada uno"
"Ear";"Oreja"
"Earache";"Dolor de oído"
"Early";"Temprano"
"Earn";"Ganar"
"Earring";"Pendiente"
"Earth";"Tierra"
"East";"Este"
"Eastern";"Oriental"
"Easily";"Fácilmente"
"Easy";"Fácil"
"Easygoing";"Tranquilo, despreocupado"
"Eat";"Comer"
"Economics";"Economía"
"Edge";"Borde, filo"
"Education";"Educación"
"Effect";"Efecto"
"Efficient";"Eficiente"
"Effort";"Esfuerzo"
"Egg";"Huevo"
"Either";"Cualquiera de los dos"
"Elbow";"Codo"
"Elder";"Mayor"
"Elderly";"Anciano"
"Election";"Elecciones"
"Electric";"Eléctrico (funciona con electricidad)"
"Electrical";"Eléctrico (relativo a la electricidad)"
"Electricity";"Electricidad"
"Electronic";"Electrónico"
"Elementary";"Elemental"
"Elementary level";"Nivel elemental"
"Elephant";"Elefante"
"Elevator";"Ascensor"
"Else";"Más"
"Email";"Correo electrónico"
"Embarrassed";"Avergonzado"
"Embarrassing";"Vergonzoso"
"Embassy";"Embajada"
"Emergency";"Emergencia"
"Employ";"Emplear"
"Employee";"Empleado"
"Employer";"Empleador"
"Employment";"Empleo"
"Empty";"Vacío"
"Encourage";"Animar"
"End";"Final, terminar"
"Ending";"Final"
"End up";"Acabar"
"He plans to end up working in Australia.";"Planea acabar trabajando en Australia"
"Enemy";"Enemigo"
"Energy";"Energía"
"Team sports take a lot of time and energy.";"Los deportes de equipo requieren mucho tiempo y energía"
"In our house we try to save energy.";"En nuestra casa intentamos ahorrar energía"
"Engaged";"Comprometido"
"To be engaged to someone";"Estar comprometido con alguien"
"The phone was engaged.";"El teléfono comunicaba"
"Engine";"Motor"
"Engineer";"Ingeniero"
"Engineering";"Ingeniería"
"Enjoy";"Disfrutar"
"Enjoyable";"Agradable"
"Enormous";"Enorme"
"Enough";"Suficiente"
"Enquire";"Preguntar"
"Enquiry";"Consulta"
"Enter";"Entrar"
"Enter a competition";"Participar en un concurso"
"Enter a building";"Entrar en un edificio"
"Entertain";"Entretener"
"Entertainment";"Entretenimiento"
"Entrance";"Entrada"
"Entry";"Entrada (de un diario, un registro, una lista)"
"Envelope";"Sobre"
"Environment";"Medio ambiente"
"Environmental";"Medioambiental"
"Episode";"Episodio"
"Equal";"Igual"
"Equipment";"Equipo"
"Eraser";"Goma de borrar (USA)"
"Escape";"Escapar"
"Especially";"Especialmente, particularmente, principalmente"
"Essay";"Ensayo"
"Essential";"Esencial"
"Euro";"Euro"
"Even";"Incluso"
"He couldn't even do that.";"No pudo ni siquiera hacer eso"
"Evening";"Tarde"
"Event";"Evento"
"Even though";"Aunque"
"Ever";"Alguna vez"
"Every";"Cada"
"Everybody";"Todo el mundo"
"Everyone";"Todo el mundo"
"Everything";"Todo"
"Everywhere";"En todas partes"
"Exact";"Exacto"
"Exactly";"Exactamente"
"Examination/exam";"Examen"
"Examiner";"Examinador"
"Example";"Ejemplo"
"Excellent";"Excelente"
"Except";"Excepto"
"Exchange";"Intercambio"
"An exchange visit";"Viaje de intercambio"
"In exchange for";"A cambio de"
"Exchange rate";"Tipo de cambio"
"Excited";"Emocionado"
"Excitement";"Emoción"
"Exciting";"Emocionante"
"Excuse";"Excusa"
"Exercise";"Ejercicio"
"Exhausted";"Agotado"
"Exhibition";"Exposición"
"Exist";"Existir"
"Exit";"Salida"
"Expect";"Esperar"
"Expedition";"Expedición"
"Expensive";"Caro"
"Experience";"Experiencia"
"It was the worst pain I’d ever experienced.";"Fue el peor dolor que había experimentado nunca"
"Experienced";"Experimentado"
"Experiment";"Experimento"
"Expert";"Experto"
"Explain";"Explicar"
"Explanation";"Explicación"
"Explode";"Explotar"
"Explore";"Explorar"
"Explorer";"Explorador"
"This book’s about famous explorers.";"Este libro trata sobre exploradores famosos"
"Extra";"Extra"
"Extraordinary";"Extraordinario"
"Extremely";"Extremadamente"
"Extreme sport";"Deporte extremo"
"Eye";"Ojo"
"Face";"Cara, dar la cara"
"A sad look on his face";"Una expresión triste en su cara"
"Face-to-face";"Cara a cara"
"Facilities";"Instalaciones"
"The hotel has excellent facilities.";"El hotel tiene excelentes instalaciones"
"Fact";"Hecho"
"Factory";"Fábrica"
"Fail";"Fallar, suspender"
"Fair";"Justo, feria"
"Fairly";"Bastante"
"Fall";"Caer, otoño (USA)"
"In the fall";"En otoño"
"A fall in the price";"Una bajada del precio"
"He fell and hurt his leg.";"Se cayó y se hizo daño en la pierna"
"False";"Falso"
"Familiar";"Familiar"
"Family";"Familia"
"Famous";"Famoso"
"Fan";"Aficionado, ventilador"
"Fancy";"Apetecer, elegante, capricho, darse el capricho"
"Do you fancy going out tonight?";"¿te apetece salir esta noche?"
"Fantastic";"Fantástico"
"Far";"Lejos"
"Fare";"Tarifa"
"The return fare is £26.";"El billete de ida y vuelta cuesta 26 libras"
"Farm";"Granja"
"Farmer";"Granjero"
"Farming";"Agricultura"
"Farmland";"Tierras de cultivo"
"Fashion";"Moda"
"Fashionable";"A la moda"
"Fast";"Rápido"
"Fasten";"Abrochar"
"Fast food";"Comida rápida"
"Fat";"Gordo"
"Father";"Padre"
"Fault";"Culpa, defecto"
"Favour/ favor";"Favor"
"Favourite/ favorite";"Favorito"
"Fax";"Fax"
"Fear";"Miedo"
"Fee";"Tasa"
"Feed";"Alimentar"
"Feel";"Sentir"
"Feeling";"Sentimiento"
"Feel like";"Apetecer"
"To feel like doing something";"Tener ganas de hacer algo"
"Female";"Femenino"
"Ferry";"Ferri"
"Festival";"Festival"
"Fetch";"Ir a buscar"
"Fever";"Fiebre"
"Few";"Pocos"
"Fiction";"Ficción"
"Field";"Campo"
"Fight";"Luchar"
"Figure";"Figura"
"File";"Archivo"
"Click here to open the file.";"Haz clic aquí para abrir el archivo"
"Study files";"Archivos de estudio"
"Fill";"Llenar"
"Fill in";"Rellenar"
"You need to fill in a form.";"Necesitas rellenar un formulario"
"Fill up";"Llenar"
"He filled up the car with petrol.";"Llenó el coche de gasolina"
"Film";"Película"
"Film maker";"Cineasta"
"Film star";"Estrella de cine"
"Final";"Final"
"Finally";"Finalmente"
"Financial";"Financiero"
"Find";"Encontrar"
"Find out";"Averiguar"
"I must find out when he’s arriving.";"Debo averiguar cuándo llega"
"Fine";"Bien, multa"
"Finger";"Dedo"
"Finish";"Terminar"
"Fire";"Fuego"
"Firefighter";"Bombero"
"Firework";"Fuego artificial"
"A firework display";"Un espectáculo de fuegos artificiales"
"Firm";"Empresa"
"A good firm to work for";"Una buena empresa para trabajar"
"First";"Primero"
"First prize";"Primer premio"
"First of all";"En primer lugar"
"First name";"Nombre"
"Fish";"Pez"
"Fishing";"Pesca"
"Fit";"En forma"
"Keep fit";"Mantenerse en forma"
"These shoes don't fit.";"Estos zapatos no me quedan"
"Fitness";"Forma física"
"Fix";"Arreglar"
"Flag";"Bandera"
"Flat";"Piso"
"Flavour/ flavor (USA)";"Sabor"
"Flight";"Vuelo, tramo de escaleras"
"Float";"Flotar"
"Flood";"Inundación"
"Floor";"Suelo"
"Flour";"Harina"
"Flow";"Fluir"
"Flower";"Flor"
"Flu";"Gripe"
"Flute";"Flauta"
"Fly";"Volar, mosca"
"Focus on/upon sth/sb";"Centrarse en algo o alguien"
"Fog";"Niebla"
"Foggy";"Neblinoso"
"Fold";"Doblar"
"Folder";"Carpeta"
"Folk";"Gente, el pueblo"
"Follow";"Seguir"
"Following";"Siguiente"
"Fond";"Encariñado"
"To be fond of something/someone";"Estar encariñado con algo o alguien"
"Food";"Comida"
"Fool";"Tonto"
"Foot";"Pie"
"Football";"Fútbol"
"Footballer";"Futbolista"
"Football player";"Jugador de fútbol"
"For";"Para"
"Forbidden";"Prohibido"
"Forecast";"Pronóstico"
"Foreign";"Extranjero"
"Foreigner";"Extranjero"
"Forest";"Bosque"
"Forever";"Para siempre"
"Forget";"Olvidar"
"Forgive";"Perdonar"
"Fork";"Tenedor"
"Form";"Forma"
"In English, you form the past simple by adding -ed to the verb.";"En inglés se forma el pasado simple añadiendo -ed al verbo"
"Former";"Anterior"
"For sale";"En venta"
"Fortnight";"Quincena"
"Fortunately";"Afortunadamente"
"Forward";"Adelante"
"Fountain";"Fuente"
"Frame";"Marco"
"Free";"Gratis, libre"
"Freeze";"Congelar"
"Freezer";"Congelador"
"Freezing";"Gélido"
"French fries";"Patatas fritas (USA)"
"Frequent";"Frecuente"
"Frequently";"Frecuentemente"
"Fresh";"Fresco"
"Fridge";"Nevera, frigorífico"
"Fried";"Frito"
"Friend";"Amigo"
"Friendly";"Amistoso"
"Friendship";"Amistad"
"Frighten";"Asustar"
"Frightened";"Asustado"
"Frightening";"Aterrador"
"Frog";"Rana"
"From";"De, desde"
"Front";"Frente"
"Frozen";"Congelado"
"Fruit";"Fruta"
"Fry";"Freír"
"Frying pan";"Sartén"
"Fuel";"Combustible"
"Full";"Lleno"
"Full stop";"Punto"
"Full time";"Tiempo completo"
"Full-time";"Tiempo completo"
"Fully";"Completamente"
"Fun";"Diversión"
"Funny";"Gracioso"
"A funny story";"Una historia graciosa"
"A funny thing happened";"Ocurrió algo curioso"
"Fur";"Piel"
"Furniture";"Muebles"
"Further";"Más lejos"
"Furthest";"El más lejano"
"Future";"Futuro"
"Gain";"Ganar, obtener"
"Gain experience";"Ganar experiencia"
"Gale";"Vendaval"
"Gallery";"Galería"
"An art gallery";"Una galería de arte"
"Game";"Juego"
"Gap";"Hueco, brecha"
"Garage";"Garaje"
"Garden";"Jardín"
"Garlic";"Ajo"
"Gas";"Gas, gasolina"
"Gas station";"Gasolinera (USA)"
"Gate";"Puerta, verja"
"General";"General"
"Generally";"Generalmente"
"I generally get home about 7.00.";"Generalmente llego a casa sobre las 7"
"Generation";"Generación"
"Generous";"Generoso"
"Gentle";"Suave, amable"
"Geography";"Geografía"
"Get";"Conseguir, obtener"
"Get along";"Llevarse bien"
"How do you get along with Harry?";"¿cómo te llevas con Harry?"
"Get back";"Volver"
"When did you get back from New York?";"¿cuándo volviste de Nueva York?"
"Get down";"Bajar, agacharse"
"Get down at once!";"¡Baja inmediatamente!"
"Did you get all the notes down?";"¿Has anotado todas las notas?"
"Get fit";"Ponerse en forma"
"Get in";"Entrar"
"Can you get in through the window?";"¿puedes entrar por la ventana?"
"Get off";"Bajarse"
"We get off at the next stop.";"Nos bajamos en la siguiente parada"
"Get your coat on and then we can leave.";"Ponte el abrigo y entonces podemos irnos"
"How are you getting on now?";"¿cómo te va ahora?"
"Get on";"Llevarse bien, subir"
"She got on with her work.";"Ella siguió con su trabajo"
"I’m getting on well with French.";"Me va bien el francés"
"Do you get on well with Sam?";"¿Te llevas bien con Sam?"
"Get rid of";"Deshacerse de"
"Have you got rid of those old documents?";"¿Te has deshecho de esos documentos viejos?"
"Get up";"Levantarse"
"What time do you get up in the morning?";"¿A qué hora te levantas por la mañana?"
"Giant";"Gigante"
"Gift";"Regalo, don"
"Giraffe";"Jirafa"
"Girl";"Chica, niña"
"Girlfriend";"Novia"
"Give";"Dar"
"Give back";"Devolver"
"Give me back this book on Tuesday, please.";"Devuélveme este libro el martes, por favor"
"Give in";"Ceder, entregar"
"Have you given in your homework yet?";"¿ya has entregado los deberes?"
"Do you give in? Shall I tell you the answer now?";"¿te rindes? ¿quieres que te diga la respuesta ahora?"
"Give out";"Repartir"
"Will you give out these papers for me, please?";"¿repartes estos papeles por mí, por favor?"
"Give up";"Dejar, rendirse"
"Has David given up playing tennis?";"¿ha dejado David de jugar al tenis?"
"Give way";"Ceder el paso"
"You must give way to traffic at a roundabout.";"Debes ceder el paso al tráfico en una rotonda"
"Glad";"Contento"
"Glance";"Mirada rápida"
"Glass";"Vaso, cristal"
"Glasses";"Gafas"
"Global warming";"Calentamiento global"
"Glove";"Guante"
"Go";"Ir"
"Can I have a go?";"¿Puedo intentarlo? ¿Puedo tener un intento?"
"Go away!";"¡Vete!"
"Goal";"Gol"
"Goalkeeper";"Portero"
"Goat";"Cabra"
"Go for";"Optar por, ir a por algo"
"He went for the job.";"Se presentó al trabajo"
"The dog went for the man.";"El perro se lanzó contra el hombre"
"Gold";"Oro"
"Golden";"Dorado"
"Golf";"Golf"
"Good";"Bueno"
"The film was very good.";"La película fue muy buena"
"To be good at maths";"Ser bueno en matemáticas"
"Good afternoon";"Buenas tardes"
"Goodbye";"Adiós"
"Good evening";"Buenas tardes"
"Good-looking";"Guapo"
"Good morning";"Buenos días"
"Good night";"Buenas noches"
"Goods";"Mercancías"
"Go off";"Irse, apagarse"
"They went off to Australia.";"Se fueron a Australia"
"Suddenly the lights went off.";"De repente se apagaron las luces"
"Go on";"Continuar"
"The meeting went on until six o'clock.";"La reunión continuó hasta las seis"
"What's going on?";"¿Qué está pasando?"
"Go out";"Salir"
"Are you going out this evening?";"¿sales esta noche?"
"The fire has gone out.";"El fuego se ha apagado"
"Is Barbara still going out with Thomas, or have they broken up?";"¿Barbara sigue saliendo con Thomas o han roto?"
"Gorgeous";"Precioso"
"Government";"Gobierno"
"Your tie doesn't go with your shirt.";"Tu corbata no combina con tu camisa"
"Your tie and shirt don’t go together.";"Tu corbata y tu camisa no van juntas, no pegan"
"Grab";"Agarrar"
"He grabbed my bag and ran away.";"Agarró mi bolsa y salió corriendo"
"Grade";"Nota, grado"
"Graduate";"Graduarse"
"Graduation";"Graduación"
"Gram";"Gramo"
"Grammar";"Gramática"
"Grandchild";"Nieto"
"Grandad";"Abuelo"
"Granddaughter";"Nieta"
"Grandfather";"Abuelo"
"Grandma";"Abuela"
"Grandmother";"Abuela"
"Grandpa";"Abuelo"
"Grandparent";"Abuelo"
"Grandson";"Nieto"
"Granny";"Abuela"
"Grant";"Beca, conceder"
"He was given a grant to study in Australia.";"Le dieron una beca para estudiar en Australia"
"Grape";"Uva"
"Graphics";"Gráficos"
"Grass";"Césped"
"Grateful";"Agradecido"
"Great";"Genial, grande"
"Green";"Verde"
"Greet";"Saludar"
"Greeting";"Saludo"
"Grey";"Gris"
"Grill";"Parrilla"
"Grilled";"A la parrilla"
"Grocery store";"Tienda de comestibles"
"Groom";"Novio, mozo de cuadra"
"Ground";"Suelo, terreno"
"Ground floor";"Planta baja"
"Group";"Grupo"
"Grow";"Crecer"
"Grow up";"Crecer, hacerse mayor"
"Children grow up fast.";"Los niños crecen rápido"
"Guard";"Vigilar, guardia"
"Guess";"Adivinar"
"Guest";"Invitado, huésped"
"Guest-house";"Hostal"
"Guide";"Guía"
"Guided";"Guiado"
"I am going on a guided tour.";"Voy a hacer una visita guiada"
"Guidebook";"Guía"
"Guilty";"Culpable"
"Guitar";"Guitarra"
"Guitarist";"Guitarrista"
"Gum";"Chicle"
"Chewing gum";"Chicle"
"Gun";"Pistola, cañón de un arma"
"Guy";"Tipo, chico"
"Gym";"Gimnasio"
"Gymnastics";"Gimnasia"
"Habit";"Hábito"
"Hair";"Pelo, cabello"
"Haircut";"Corte de pelo"
"Hairdresser";"Peluquero"
"Hairdryer";"Secador de pelo"
"Half";"Mitad"
"Half-price";"A mitad de precio"
"Hall";"Vestíbulo, sala"
"Hand";"Mano"
"Handbag";"Bolso"
"Hand-held";"De mano, portátil"
"Hand in";"Entregar"
"Please hand in the answer sheet when you’ve finished.";"Por favor entrega la hoja de respuestas cuando termines"
"Handkerchief";"Pañuelo"
"Handle";"Manejar, asa"
"Handlebars";"Manillar"
"Hand out";"Repartir"
"Hand out the books please, Tom.";"Reparte los libros, por favor, Tom"
"Handsome";"Guapo"
"Handwriting";"Letra, caligrafía"
"Hang";"Colgar, pasar el rato"
"To hang a picture";"Colgar un cuadro"
"Hang out";"Pasar el rato, estar por la calle"
"To hang out with friends";"Pasar el rato con amigos"
"Hang up";"Colgar (el teléfono)"
"She hung up at the end of the phone call.";"Colgó al final de la llamada"
"Happen";"Ocurrir, pasar"
"Happy";"Feliz"
"Happily";"Felizmente"
"Happiness";"Felicidad"
"Harbour/ harbor";"Puerto"
"Hard";"Duro, difícil"
"Hardly";"Apenas"
"Hardly any time";"Casi no había tiempo"
"He could hardly wait.";"Apenas podía esperar"
"Hardware";"Hardware, quincalla"
"Hat";"Sombrero"
"Hate";"Odiar"
"Have";"Tener"
"Have got to";"Tener que"
"Have to";"Tener que"
"He";"Él"
"Head";"Cabeza"
"To hit one's head";"Golpearse la cabeza"
"The head of the company";"Jefe de la empresa"
"The head of the school";"Director de la escuela"
"Headache";"Dolor de cabeza"
"Headline";"Titular"
"Headphones";"Auriculares"
"Headteacher";"Director"
"Health";"Salud"
"Healthy";"Saludable"
"Hear";"Oír"
"Heart";"Corazón"
"Heat";"Calor"
"Heater";"Calefactor"
"Heating";"Calefacción"
"Heavy";"Pesado"
"Heel";"Tacón"
"I can’t walk in high heels.";"No puedo caminar con tacones altos"
"Height";"Altura"
"Helicopter";"Helicóptero"
"Hello";"Hola"
"Helmet";"Casco"
"Help";"Ayudar, ayuda"
"Her";"Ella, su"
"Herb";"Hierba, hierba aromática"
"Here";"Aquí"
"Hero";"Héroe"
"Heroine";"Heroína"
"The heroine of this story is a young schoolgirl.";"La heroína de esta historia es una joven escolar"
"Hers";"Suyo (de ella)"
"Herself";"Ella misma, a ella misma"
"Hey";"Oye"
"Hi";"Hola"
"Hidden";"Oculto"
"Hide";"Esconder"
"High";"Alto"
"High jump";"Salto de altura"
"Hike";"Senderismo, hacer rutas"
"Hill";"Colina"
"Him";"A él, le"
"Himself";"Él mismo, a él mismo"
"Hip hop";"Hip hop"
"Hire";"Alquilar, contratar"
"To hire a boat";"Alquilar un barco"
"For hire";"En alquiler"
"His";"Su (de él)"
"Historic";"Histórico"
"Historical";"Histórico (relativo a la Historia)"
"History";"Historia"
"Hit";"Impactar, impacto, éxito"
"The song was a great hit.";"La canción fue un gran éxito"
"To hit the ball";"Golpear la pelota"
"Hitchhike";"Hacer autostop"
"Hobby";"Afición"
"Hockey";"Hockey"
"Hold";"Sujetar, mantener"
"Hold up";"Retrasar"
"He was held up in the heavy traffic for over two hours.";"Estuvo retenido en un atasco durante más de dos horas"
"Hole";"Agujero"
"Holiday";"Vacaciones"
"Home";"Hogar, casa"
"Homepage";"Página principal, inicio (en una web)"
"Homework";"Deberes"
"Honest";"Honesto"
"Honestly";"Honestamente"
"I honestly don’t know where she is.";"Honestamente no sé dónde está"
"Honey";"Miel"
"Honeymoon";"Luna de miel"
"Hoodie";"Sudadera con capucha"
"Hope";"Esperanza"
"Hopeful";"Esperanzado"
"Hopefully";"Con suerte"
"Hopefully the journey won’t take long.";"Esperemos que el viaje no tarde mucho"
"Hopeless";"Sin esperanza"
"A hopeless situation";"Una situación desesperada"
"Horrible";"Horrible"
"Horror";"Terror"
"A horror movie";"Una película de terror (USA)"
"Horse";"Caballo"
"Horse-riding";"Equitación"
"Hospital";"Hospital"
"Hostel";"Albergue"
"Hot";"Caliente"
"Hotel";"Hotel"
"Hour";"Hora"
"House";"Casa"
"Housewife";"Ama de casa"
"Housework";"Tareas domésticas"
"How";"Cómo"
"However";"Sin embargo"
"How much";"Cuánto"
"Hug";"Abrazo"
"Huge";"Enorme"
"Human";"Humano"
"Humid";"Húmedo"
"Humour/humor (USA)";"Humor"
"Hunger";"Hambre"
"Hungry";"Hambriento"
"Hunt";"Cazar"
"Hurry";"Prisa"
"Hurt";"Hacer daño"
"Husband";"Marido"
"Hut";"Choza"
"Ice";"Hielo"
"Ice cream";"Helado"
"Ice hockey";"Hockey sobre hielo"
"Ice skates";"Patines de hielo"
"Ice skating";"Patinaje sobre hielo"
"Icy";"Helado, gélido"
"Id";"Documento de identidad"
"Id card";"Carné de identidad"
"Idea";"Idea"
"Identification";"Identificación"
"Identify";"Identificar"
"Babies can identify their mothers.";"Los bebés pueden identificar a sus madres"
"Identity card";"Documento de identidad"
"If";"Si"
"Ignore";"Ignorar"
"Ill";"Enfermo"
"Illness";"Enfermedad"
"Imagination";"Imaginación"
"Imagine";"Imaginar"
"Immediately";"Inmediatamente"
"Immigration";"Inmigración"
"Importance";"Importancia"
"Important";"Importante"
"Impossible";"Imposible"
"Impressed";"Impresionado"
"Improve";"Mejorar"
"Improvement";"Mejora"
"In";"En, dentro de"
"In advance";"Con antelación"
"In case";"Por si acaso"
"Inch";"Pulgada"
"Include";"Incluir"
"Including";"Incluyendo"
"Incorrect";"Incorrecto"
"Increase";"Aumentar, aumento"
"Incredible";"Increíble"
"Incredibly";"Increíblemente"
"The team played incredibly well.";"El equipo jugó increíblemente bien"
"Indeed";"De hecho"
"Independent";"Independiente"
"Individual";"Individual"
"Indoor";"Interior"
"Indoors";"En interiores"
"Industry";"Industria"
"Inexpensive";"Barato"
"In fact";"De hecho"
"Influence";"Influencia, influir"
"Inform";"Informar"
"Information";"Información"
"In front of";"Delante de"
"Ingredient";"Ingrediente"
"I always use fresh ingredients.";"Siempre uso ingredientes frescos"
"In half";"Por la mitad"
"In ink";"Con tinta"
"Initial";"Inicial"
"His initials are J.B.H.";"Sus iniciales son J. B. H."
"Injure";"Herir"
"Ink";"Tinta"
"In love";"Enamorado"
"In pencil";"A lápiz"
"In order";"En orden"
"In order to";"Para"
"Inquiry";"Consulta, investigación"
"Insect";"Insecto"
"Inside";"Dentro"
"Insist";"Insistir"
"Inspire";"Inspirar"
"She inspired him to become an actor.";"Ella le inspiró a convertirse en actor"
"Install";"Instalar"
"Instance";"Ejemplo"
"For instance";"Por ejemplo"
"Instead";"En lugar de"
"There were no lemons, so I got oranges instead.";"No había limones, así que cogí naranjas en su lugar"
"Can you come on Monday instead of Tuesday?";"¿puedes venir el lunes en lugar del martes?"
"Instructions";"Instrucciones"
"Instructor";"Instructor"
"Instrument";"Instrumento"
"Musical instrument";"Instrumento musical"
"Intelligent";"Inteligente"
"Intend";"Tener la intención de"
"To intend to do something interesting";"Tener la intención de hacer algo interesante"
"Interested";"Interesado"
"Interesting";"Interesante"
"Intermediate";"Intermedio"
"International";"Internacional"
"Internet";"Internet"
"Interrupt";"Interrumpir"
"Interval";"Intervalo"
"An interval in a play";"Un intermedio en una obra"
"Interview";"Entrevista"
"Interviewer";"Entrevistador"
"In the end";"Al final"
"In time";"A tiempo"
"Into";"Dentro de"
"Introduce introduction";"Presentar, introducción"
"In two";"En dos"
"Invent";"Inventar"
"Inventor";"Inventor"
"Invention";"Invención"
"Invitation";"Invitación"
"Invite";"Invitar"
"Involve";"Implicar"
"Iron";"Hierro"
"Ironing";"Planchar, planchado"
"Island";"Isla"
"Issue";"Asunto"
"It";"Ello"
"Item";"Artículo"
"Its";"Su (de ello)"
"Itself";"A sí mismo, ello mismo"
"Jacket";"Chaqueta"
"Jail";"Cárcel (USA)"
"Jam";"Mermelada, atasco"
"Strawberry jam";"Mermelada de fresa"
"Traffic jam";"Atasco de tráfico"
"Jar";"Tarro, frasco"
"Jazz";"Jazz"
"Jealous";"Celoso"
"Jeans";"Vaqueros"
"Jet";"Reactor, avión a reacción"
"To go by jet";"Viajar en avión a reacción"
"Jewellery/ jewelry";"Joyas"
"Job";"Trabajo, empleo"
"Jog";"Trotar"
"Jogging";"Jogging, footing"
"Join";"Unirse, juntarse"
"The rivers join there.";"Los ríos se unen allí"
"To join the army";"Alistarse en el ejército"
"To join a game";"Unirse a un juego"
"Joke";"Broma, chiste"
"Journalist";"Periodista"
"Journey";"Viaje"
"Judge";"Juez, juzgar"
"Jug";"Jarra"
"Juice";"Zumo"
"Jump";"Saltar"
"Jumper";"Jersey"
"Jungle";"Jungla"
"Just";"Solo, justo, simplemente"
"Kangaroo";"Canguro"
"Keen";"Entusiasta"
"He's keen on cycling.";"Le gusta mucho el ciclismo"
"To be keen to do something";"Tener ganas de hacer algo"
"Keep";"Mantener, guardar"
"Keeper";"Guardián, portero"
"Keep in";"Retener, dejar dentro"
"She kept the children in as it was so cold.";"Mantuvo a los niños dentro porque hacía mucho frío"
"Keep on";"Continuar"
"He kept on talking.";"Siguió hablando"
"Keep up";"Mantenerse al día, seguir"
"We’re taking the kids camping.";"Nos llevamos a los niños de camping"
"Kill";"Matar"
"Kilogramme/ kilogram";"Kilogramo"
"Kilometre/ kilometer";"Kilómetro"
"Kind";"Amable, tipo, clase"
"King";"Rey"
"Kiss";"Besar, beso"
"Kit";"Equipo, kit"
"Kitchen";"Cocina"
"Kite";"Cometa"
"Kitten";"Gatito"
"Knee";"Rodilla"
"Knife";"Cuchillo"
"Knit";"Tejer"
"Knock";"Llamar, golpear"
"Knock down";"Atropellar, derribar"
"He was knocked down by a car.";"Fue atropellado por un coche"
"Know";"Saber, conocer"
"Knowledge";"Conocimiento"
"Label";"Etiqueta"
"Laboratory";"Laboratorio"
"Lack";"Falta, carecer"
"Ladder";"Escalera"
"Lady";"Señora, dama"
"Lake";"Lago"
"Lamb";"Cordero"
"Lamp";"Lámpara"
"Land";"Tierra, aterrizar"
"Landscape";"Paisaje"
"Language";"Idioma"
"Laptop";"Portátil"
"Large";"Grande"
"Last";"Último, durar"
"Late";"Tarde"
"Lately";"Últimamente"
"Later";"Más tarde"
"Latest";"El último, lo más reciente"
"Laugh";"Reír"
"Laundry";"Colada, lavandería"
"Law";"Ley"
"Lawyer";"Abogado"
"Lay";"Poner, tumbar"
"Lay the table";"Poner la mesa"
"Lazy";"Perezoso"
"Lead";"Liderar, plomo"
"To lead someone by the hand";"Llevar a alguien de la mano"
"Where does this road lead ?";"¿A dónde lleva esta carretera?"
"Leader";"Líder"
"Leaf";"Hoja"
"League";"Liga"
"Learn";"Aprender"
"Least";"El menor"
"The least amount";"La menor cantidad"
"At least";"Al menos"
"Leather";"Cuero"
"Leave";"Salir, dejar"
"Lecture";"Conferencia"
"Lecturer";"Conferenciante"
"Left";"Izquierda"
"Left-hand";"Mano izquierda"
"Leg";"Pierna"
"Leisure";"Ocio"
"Lemon";"Limón"
"Lemonade";"Limonada"
"Lend";"Prestar"
"Length";"Longitud"
"Less";"Menos"
"Lesson";"Lección"
"Let";"Dejar, permitir"
"Let her do it.";"Déjala hacerlo"
"Let me think.";"Déjame pensar"
"Let’s go out tonight.";"Salgamos esta noche"
"Letter";"Carta, letra"
"Lettuce";"Lechuga"
"Level";"Nivel"
"Library";"Biblioteca"
"Librarian";"Bibliotecario"
"Licence";"Licencia"
"A driving/marriage/TV licence";"Licencia de conducir/matrimonio/televisión"
"Lie";"Mentir, tumbarse"
"Lie down";"Tumbarse"
"Life";"Vida"
"Lift";"Ascensor, levantar"
"Can you give me a lift, please?";"¿puedes llevarme en coche, por favor?"
"The lift is going up.";"El ascensor está subiendo"
"Please help me to lift this table.";"Por favor ayúdame a levantar esta mesa"
"Light";"Luz"
"Lighter";"Encendedor"
"A cigarette lighter";"Un encendedor de cigarrillos"
"Lightning";"Relámpago"
"Like";"Gustar, como"
"Likely";"Probable"
"Limit";"Límite"
"Limited";"Limitado"
"A limited choice";"Una elección limitada"
"Line";"Línea"
"A line on a page";"Una línea en una página"
"A clothes line";"Tendedero"
"A railway line";"Línea de ferrocarril"
"Link";"Enlace"
"A link to a website";"Un enlace a un sitio web"
"Lion";"León"
"Lip";"Labio"
"Liquid";"Líquido"
"List";"Lista"
"Listen";"Escuchar"
"Literature";"Literatura"
"Litre/ liter";"Litro"
"Litter";"Basura"
"Little";"Pequeño"
"Live";"Vivir, en directo"
"Live music/sport";"Música/deporte en directo"
"Lively";"Animado"
"Living room";"Salón"
"Load";"Carga"
"Loan";"Préstamo"
"Local";"Local"
"Locate";"Localizar"
"The station is located in the city centre.";"La estación está situada en el centro de la ciudad"
"Location";"Ubicación"
"Lock";"Cerradura"
"Locker";"Taquilla"
"Logo";"Logotipo"
"Lonely";"Solo"
"Long";"Largo"
"Long jump";"Salto de longitud"
"Look";"Mirar"
"Look after";"Cuidar de"
"I’m looking after my sister’s house while she’s on holiday.";"Estoy cuidando la casa de mi hermana mientras está de vacaciones"
"Look at";"Mirar"
"Look for";"Buscar"
"Look forward to";"Tener muchas ganas de"
"I’m looking forward to the party!";"Tengo muchas ganas de la fiesta"
"Look like";"Parecerse"
"She looks like her sister.";"Se parece a su hermana"
"Look out";"Cuidado"
"Look out!";"¡Cuidado!"
"Look up";"Buscar"
"Look up the meaning of the word in your dictionary.";"Busca el significado de la palabra en tu diccionario"
"Loose";"Flojo, suelto"
"Lorry";"Camión"
"Lose";"Perder"
"Lost";"Perdido"
"Lots / a lot";"Mucho"
"Lottery";"Lotería"
"Loud";"Ruidoso"
"Loudly";"Ruidosamente"
"Love";"Amor, amar"
"Lovely";"Encantador"
"Low";"Bajo"
"Luck";"Suerte"
"Luckily";"Afortunadamente"
"Lucky";"Afortunado"
"Luggage";"Equipaje"
"Lunch";"Almuerzo"
"Lunchtime";"Hora de comer"
"Luxury";"Lujo"
"Machine";"Máquina"
"Mad";"Loco"
"Madam";"Señora"
"Made of/from/out of";"Hecho de / hecho a partir de / hecho con"
"Her shirt is made of cotton.";"Su camisa está hecha de algodón"
"Magazine";"Revista"
"Magic";"Magia"
"Magnificent";"Magnífico"
"Mail";"Correo, enviar correo"
"Main";"Principal"
"Main course";"Plato principal"
"Mainly";"Principalmente"
"Make";"Hacer"
"Make sure";"Asegurarse de"
"Make-up";"Maquillaje"
"Male";"Masculino"
"Mall";"Centro comercial"
"Shopping mall";"Centro comercial"
"Man";"Hombre"
"Manage";"Gestionar, lograr"
"To manage a business";"Gestionar un negocio"
"To manage to do something";"Lograr hacer algo"
"Manager";"Gerente, director"
"Mango";"Mango"
"Many";"Muchos"
"Map";"Mapa"
"Mark";"Marca, marcar"
"Market";"Mercado"
"To buy something from a market";"Comprar algo en un mercado"
"Marriage";"Matrimonio"
"Married";"Casado"
"Marry";"Casarse"
"Marvellous";"Maravilloso"
"Match";"Cerilla, partido, combinar"
"A box of matches";"Una caja de cerillas"
"A tennis match";"Un partido de tenis"
"This tie matches your shirt.";"Esta corbata combina con tu camisa"
"Mate";"Amigo, compañero"
"Material";"Material"
"Maths / mathematics";"Matemáticas"
"Matter";"Asunto, importar"
"Is anything the matter?";"¿pasa algo?"
"It doesn't matter.";"No importa"
"Maximum";"Máximo"
"May";"Poder (verbo modal), mayo"
"Maybe";"Quizá"
"Me";"Me"
"Meal";"Comida"
"Mean";"Significar, mezquino, malvado"
"What do you mean?";"¿qué quieres decir?"
"What does it mean?";"¿qué significa?"
"Meaning";"Significado"
"Meanwhile";"Mientras tanto"
"Measure";"Medir, medida"
"Meat";"Carne"
"Mechanic";"Mecánico"
"Medicine";"Medicina"
"Medium";"Medio"
"Meet";"Conocer, reunirse"
"Meeting";"Reunión"
"Melon";"Melón"
"Member";"Miembro"
"Membership";"Afiliación"
"Memory";"Memoria"
"To have a good/poor memory";"Tener buena/mala memoria"
"Happy memories";"Recuerdos felices"
"Computer memory";"Memoria del ordenador"
"Mend";"Arreglar"
"Mention";"Mencionar"
"Menu";"Menú"
"Mess";"Desorden"
"Message";"Mensaje"
"Messy";"Desordenado"
"Metal";"Metal"
"Method";"Método"
"Modern methods of teaching";"Métodos modernos de enseñanza"
"Metre";"Metro"
"Microphone";"Micrófono"
"Microwave";"Microondas"
"A microwave oven";"Un horno microondas"
"Midday";"Mediodía"
"Middle";"Medio"
"Middle-aged";"De mediana edad"
"Midnight";"Medianoche"
"Might";"Podría (verbo modal)"
"Mild";"Suave"
"Mile";"Milla"
"Milk";"Leche"
"Millimetre";"Milímetro"
"Million";"Millón"
"Mind";"Mente, importar"
"His mind was on other things.";"Su mente estaba en otras cosas"
"Would you mind if I called tomorrow?";"¿te importaría si llamo mañana?"
"Mind your head!";"¡cuidado con la cabeza!"
"Who's minding the baby for you?";"¿quién está cuidando al bebé por ti?"
"Make your mind up, quickly!";"Decídete rápido"
"Mine";"Mina, mío"
"Mineral water";"Agua mineral"
"Minimum";"Mínimo"
"Minus";"Menos"
"Minute";"Minuto"
"Mirror";"Espejo"
"Miserable";"Miserable"
"Miss";"Perder, señorita"
"Missing";"Perdido, desaparecido"
"Mistake";"Error"
"Mix";"Mezclar"
"Mobile";"Móvil"
"Model";"Modelo"
"It's cheap because it's last year's model.";"Es barato porque es el modelo del año pasado"
"She’s a fashion model.";"Es una modelo de moda"
"Modern";"Moderno"
"Moment";"Momento"
"Money";"Dinero"
"Monkey";"Mono"
"Monster";"Monstruo"
"Month";"Mes"
"Monthly";"Mensual"
"Monument";"Monumento"
"Mood";"Estado de ánimo, humor"
"Moon";"Luna"
"More";"Más"
"Morning";"Mañana"
"Mosquito";"Mosquito"
"Most";"La mayoría"
"Mostly";"Mayormente"
"Mother";"Madre"
"Motorbike";"Moto"
"Motorcycle";"Motocicleta"
"Motor-racing";"Carreras de motos"
"Motorway";"Autopista"
"Mountain";"Montaña"
"Mouse";"Ratón"
"Moustache";"Bigote"
"Mouth";"Boca"
"Move";"Mover"
"Movie";"Película (USA)"
"Movie star";"Estrella de cine"
"Movie theater";"Cine (USA)"
"Mr";"Señor"
"Mrs";"Señora"
"Ms";"Señora/señorita"
"Much";"Mucho"
"Mug";"Taza"
"Mum";"Mamá"
"Museum";"Museo"
"Mushroom";"Seta"
"Music";"Música"
"Musical";"Musical"
"Musician";"Músico"
"Must";"Deber"
"Multiply";"Multiplicar"
"My";"Mi"
"Myself";"Yo mismo"
"Mystery";"Misterio"
"Name";"Nombre, nombrar"
"Narrow";"Estrecho"
"Nasty";"Desagradable, malo, asqueroso"
"National";"Nacional"
"Nationality";"Nacionalidad"
"Natural";"Natural"
"Nature";"Naturaleza"
"Nature studies";"Estudios de la naturaleza"
"Navy blue";"Azul marino"
"Near";"Cerca"
"Nearby";"Cercano"
"Nearly";"Casi"
"Neat";"Ordenado, pulcro"
"Necessary";"Necesario"
"Neck";"Cuello"
"Necklace";"Collar"
"Need";"Necesitar, necesidad"
"Negative";"Negativo"
"Neighbour";"Vecino"
"Neighbourhood";"Barrio, vecindario"
"Neither";"Ninguno de los dos, ni"
"She’s not tall, and neither am I.";"Ella no es alta y yo tampoco"
"Neither child was hurt.";"Ninguno de los dos niños resultó herido"
"They gave us two keys and neither worked.";"Nos dieron dos llaves y ninguna funcionó"
"Nephew";"Sobrino"
"Nervous";"Nervioso"
"A nervous person";"Una persona nerviosa"
"To feel nervous";"Sentirse nervioso"
"Nest";"Nido"
"Net";"Red"
"Network";"Red"
"Never";"Nunca"
"New";"Nuevo"
"News";"Noticias"
"Newspaper";"Periódico"
"Next";"Siguiente"
"Next to";"Al lado de"
"Nice";"Agradable"
"Niece";"Sobrina"
"Night";"Noche"
"Nightclub";"Club nocturno"
"Nightlife";"Vida nocturna"
"Nightmare";"Pesadilla"
"No";"No"
"Nobody";"Nadie"
"Noise";"Ruido"
"Noisy";"Ruidoso"
"None";"Ninguno"
"Noon";"Mediodía"
"No one";"Nadie"
"Normal";"Normal"
"Normally";"Normalmente"
"North";"Norte"
"Northeast";"Noreste"
"Northern";"Del norte"
"Northwest";"Noroeste"
"Nose";"Nariz"
"Not";"No"
"Note";"Nota"
"To write a note";"Escribir una nota"
"A ten-pound note";"Un billete de diez libras"
"Please note.";"Tenga en cuenta"
"Notebook";"Cuaderno"
"Notepaper";"Papel de notas"
"Nothing";"Nada"
"Notice";"Aviso"
"To read a notice";"Leer un aviso"
"Until further notice";"Hasta nuevo aviso"
"Did you notice anything wrong?";"¿notaste algo mal?"
"Noticeboard";"Tablón de anuncios"
"Novel";"Novela"
"Novelist";"Novelista"
"Now";"Ahora"
"Nowadays";"Hoy en día"
"Nowhere";"En ninguna parte"
"Number";"Número"
"Numbers 5 to 7";"Números del 5 al 7"
"A large number of cars";"Un gran número de coches"
"What’s your number?";"¿cuál es tu número?"
"Nurse";"Enfermero/a"
"Object";"Objeto, objetar"
"Obvious";"Obvio"
"Obviously";"Obviamente"
"Occasion";"Ocasión"
"Occasionally";"Ocasionalmente"
"Occupation";"Ocupación"
"Ocean";"Océano"
"O’clock";"En punto"
"Of";"De"
"Of course";"Por supuesto"
"Off";"Apagado, libre, fuera"
"It fell off the table.";"Se cayó de la mesa"
"The meeting is off.";"La reunión está cancelada"
"I have got the afternoon off.";"Tengo la tarde libre"
"Offer";"Ofrecer, oferta"
"Office";"Oficina"
"Officer";"Oficial"
"Often";"A menudo"
"Oh!";"¡Oh!"
"Oh dear!";"¡Ay, Dios!"
"Oil";"Aceite"
"Ok / o.k. / okay";"Vale, de acuerdo"
"Old";"Viejo"
"Old-fashioned";"Anticuado"
"Olive";"Aceituna"
"Omelette/ omelet";"Tortilla"
"On";"En, sobre"
"On board";"A bordo"
"On business";"Por negocios"
"Once";"Una vez"
"Once a year";"Una vez al año"
"I once saw him dancing.";"Una vez lo vi bailar"
"One";"Uno"
"On fire";"En llamas"
"On foot";"A pie"
"On holiday";"De vacaciones"
"Onion";"Cebolla"
"Online";"En línea"
"To book/buy something online";"Reservar/comprar algo en línea"
"An online printer";"Una impresora en línea"
"Only";"Solo"
"On purpose";"A propósito"
"On request";"A petición"
"On sale";"En oferta"
"On time";"A tiempo"
"Onto";"Sobre"
"On vacation";"De vacaciones"
"Open";"Abrir, abierto"
"Opening hours";"Horario de apertura"
"Opera";"Ópera"
"Operate";"Operar"
"Operation";"Operación"
"Operator";"Operador"
"Opinion";"Opinión"
"Opportunity";"Oportunidad"
"Opposite";"Opuesto"
"Option";"Opción"
"Or";"O"
"Orange";"Naranja"
"Orchestra";"Orquesta"
"Order";"Orden, pedir"
"In order to";"Para"
"To put something in order";"Poner algo en orden"
"To order a meal";"Pedir una comida"
"Ordinary";"Corriente"
"Organisation/ organization";"Organización"
"Organise /organize";"Organizar"
"Original";"Original"
"Other";"Otro"
"Otherwise";"De lo contrario"
"Ought";"Deber"
"Our";"Nuestro"
"Ours";"Nuestro/a, lo nuestro"
"Ourselves";"Nosotros mismos"
"Out";"Fuera"
"Outdoor";"Al aire libre (adjetivo)"
"Outdoors";"Al aire libre (adverbio)"
"Out of";"Fuera de"
"Out of date";"Caducado"
"Out of order";"Fuera de servicio"
"Out of work";"En paro"
"Outside";"Fuera, en el exterior"
"Oven";"Horno"
"Over";"Sobre, más de, terminado"
"I’m going over the road.";"Voy a cruzar la calle"
"Over 40 people";"Más de 40 personas"
"To be over";"Terminado"
"Several birds were flying over the roof of the school.";"Varias aves volaban sobre el tejado de la escuela"
"Overnight";"Durante la noche"
"Owe";"Deber"
"Own";"Propio"
"My own pen";"Mi propio bolígrafo"
"On my own";"Solo"
"To own a car";"Poseer un coche"
"Owner";"Propietario"
"Pack";"Empaquetar"
"To pack a case";"Hacer una maleta"
"Packet";"Paquete"
"Page";"Página"
"Pain";"Dolor"
"Painful";"Doloroso"
"Paint";"Pintar"
"Painter";"Pintor"
"Painting";"Pintura, cuadro"
"Pair";"Par"
"Palace";"Palacio"
"Pale";"Pálido"
"Pale blue";"Azul claro"
"Pan";"Sartén"
"Pants";"Pantalones"
"Paper";"Papel"
"A sheet of paper";"Una hoja de papel"
"A paper";"Un papel"
"Parcel";"Paquete, paquete postal"
"Pardon";"Perdón"
"Pardon?";"¿Perdón?"
"Parent";"Padre/madre"
"Park";"Parque"
"A public park";"Un parque público"
"To park a car";"Aparcar un coche"
"Parking";"Aparcamiento"
"Parking lot";"Aparcamiento"
"Parrot";"Loro"
"Part";"Parte"
"A part of something";"Una parte de algo"
"Partly";"Parcialmente"
"Particular";"Particular"
"I love this CD - in particular the last song.";"Me encanta este CD, en particular la última canción"
"Particularly";"Especialmente"
"Partner";"Pareja, socio"
"Part time";"A tiempo parcial"
"Part-time";"A tiempo parcial"
"Party";"Fiesta, partido"
"A birthday party";"Una fiesta de cumpleaños"
"A political party";"Un partido político"
"Pass";"Pasar, aprobar"
"Several cars passed.";"Varios coches pasaron"
"To pass the sugar";"Pasar el azúcar"
"To pass an examination";"Aprobar un examen"
"Pass on";"Transmitir"
"Pass on the message.";"Pasa el mensaje"
"Passenger";"Pasajero"
"Passport";"Pasaporte"
"Password";"Contraseña"
"Past";"Pasado"
"The past few weeks";"Las últimas semanas"
"In the past";"En el pasado"
"It’s half past one.";"Es la una y media"
"Pasta";"Pasta"
"Path";"Sendero, camino"
"Patient";"Paciente"
"To be patient";"Ser paciente"
"A hospital patient";"Un paciente de hospital"
"Pattern";"Patrón"
"Pause";"Pausa"
"Pavement";"Acera"
"Pay";"Pagar"
"Pc";"Ordenador personal"
"Pea";"Guisante"
"Peace";"Paz"
"Peaceful";"Pacífico"
"Peach";"Melocotón"
"Peak";"Cima"
"Peanut";"Cacahuete"
"Pear";"Pera"
"Pedestrian";"Peatón"
"Peel";"Pelar"
"Pen";"Bolígrafo"
"Pence";"Peniques"
"Pencil";"Lápiz"
"Pencil case";"Estuche"
"Penfriend /Pen friend";"Amigo por correspondencia"
"Penguin";"Pingüino"
"Penny";"Penique"
"People";"Gente"
"Pepper";"Pimienta"
"To pass the pepper";"Pasar la pimienta"
"Red peppers";"Pimientos rojos"
"Per";"Por"
"Percent";"Por ciento"
"Perfect";"Perfecto"
"Perfectly";"Perfectamente"
"Perform";"Actuar, realizar"
"Performance";"Actuación"
"Performer";"Intérprete"
"Perfume";"Perfume"
"Perhaps";"Quizá"
"Period";"Período"
"Permanent";"Permanente"
"Permission";"Permiso"
"Permit";"Permitir"
"Dogs are not permitted here.";"Los perros no están permitidos aquí"
"Permitted";"Permitido"
"Person";"Persona"
"Personal";"Personal"
"Personally";"Personalmente"
"Persuade";"Persuadir"
"Pet";"Mascota"
"Petrol";"Gasolina"
"Petrol station";"Gasolinera"
"Pharmacy";"Farmacia"
"Phone";"Teléfono"
"Photo";"Foto"
"Photocopy";"Fotocopia"
"Photograph";"Fotografía"
"Photographer";"Fotógrafo"
"Photography";"Fotografía"
"Phrase";"Frase, sintagma"
"Physics";"Física"
"Piano";"Piano"
"Pick";"Escoger, recoger"
"Pick up";"Recoger"
"I picked up a pencil.";"Recogí un lápiz"
"I will pick up my sister from the station.";"Recogeré a mi hermana de la estación"
"Picnic";"Picnic"
"Picture";"Imagen"
"Pie";"Pastel"
"Piece";"Trozo"
"A piece of cheese";"Un trozo de queso"
"To break into small pieces";"Romper en trozos pequeños"
"A piece of furniture/advice";"Un mueble/un consejo"
"Pig";"Cerdo"
"Pile";"Montón"
"Pill";"Pastilla"
"Pillow";"Almohada"
"Pilot";"Piloto"
"Pin";"Alfiler"
"Pineapple";"Piña"
"Pink";"Rosa"
"Pipe";"Tubería"
"Pirate";"Pirata"
"Pitch";"Campo, lanzar"
"Football pitch";"Campo de fútbol"
"Pity";"Lástima"
"It’s a pity you couldn’t come to the party – it was great.";"Es una lástima que no pudieras venir a la fiesta, fue genial"
"Pizza";"Pizza"
"Place";"Lugar"
"A safe place";"Un lugar seguro"
"I have lost my place in the book.";"He perdido mi sitio en el libro"
"Third place in a race";"Tercer puesto en una carrera"
"London is a big place.";"Londres es un lugar grande"
"Plain";"Simple, liso"
"It’s plain to me.";"Me queda claro"
"A plain t-shirt";"Una camiseta lisa"
"Plan";"Plan"
"A street plan";"Un plano de la ciudad"
"A plan to do something";"Un plan para hacer algo"
"Plane";"Avión"
"Planet";"Planeta"
"Plant";"Planta"
"Plastic";"Plástico"
"Plate";"Plato"
"Platform";"Plataforma"
"Play";"Jugar, obra"
"A play at the theatre";"Una obra de teatro"
"Children playing";"Niños jugando"
"To play football";"Jugar al fútbol"
"To play the guitar";"Tocar la guitarra"
"To play a DVD";"Reproducir un DVD"
"To play the part of someone";"Interpretar el papel de alguien"
"Player";"Jugador"
"Playground";"Patio de recreo"
"Pleasant";"Agradable"
"Please";"Por favor"
"Come in, please.";"Entra, por favor"
"To please someone";"Complacer a alguien"
"Pleased";"Satisfecho"
"Pleasure";"Placer"
"Plenty";"Mucho"
"Plot";"Trama"
"Plug";"Enchufe, tapón"
"A plug for the bath";"Un tapón para la bañera"
"An electrical plug";"Un enchufe eléctrico"
"To plug in a printer";"Enchufar una impresora"
"Plus";"Más"
"P.m.";"P. M."
"Pocket";"Bolsillo"
"Pocket money";"Dinero de bolsillo, la paga"
"Podcast";"Podcast"
"Poem";"Poema"
"Poet";"Poeta"
"Poetry";"Poesía"
"Point";"Punto"
"To point at something";"Señalar algo"
"The pencil has no point on it.";"El lápiz no tiene punta"
"Police";"Policía"
"Policeman";"Policía"
"Police officer";"Agente de policía"
"Police station";"Comisaría"
"Policewoman";"Policía"
"Polite";"Educado"
"Political";"Político"
"Politician";"Político"
"Politics";"Política"
"Pollution";"Contaminación"
"Pool";"Piscina"
"A swimming-pool";"Una piscina"
"Poor";"Pobre"
"She is very poor.";"Ella es muy pobre"
"The poor man pop";"El pobre hombre"
"Pop song/music/star/group";"Canción/música/estrella/grupo pop"
"Popular";"Popular"
"Population";"Población"
"Port";"Puerto"
"Position";"Posición"
"Positive";"Positivo"
"Possibility";"Posibilidad"
"Possible";"Posible"
"Possibly";"Posiblemente"
"Post";"Correo, publicar"
"To post a letter";"Enviar una carta"
"To send it by post";"Enviar por correo"
"An online post";"Una publicación en línea"
"Postcard";"Postal"
"Poster";"Cartel"
"Postman";"Cartero"
"Post office";"Oficina de correos"
"Postpone";"Posponer"
"Pot";"Olla"
"Potato";"Patata"
"Pottery";"Cerámica"
"Pound";"Libra"
"Pour";"Verter"
"Powder";"Polvo"
"Power";"Poder"
"Powerful";"Poderoso"
"Practice";"Práctica"
"Practise/ practice";"Practicar"
"Pray";"Rezar"
"Prayer";"Oración"
"Predict";"Predecir"
"Prefer";"Preferir"
"Pregnant";"Embarazada"
"Preparation";"Preparación"
"Prepare";"Preparar"
"Prepared";"Preparado"
"Prescription";"Receta médica"
"Medicine on a prescription";"Medicina con receta"
"Present";"Presente, regalo"
"To be present";"Estar presente"
"At the present time";"En la actualidad"
"That will be all for the present.";"Eso es todo por ahora"
"I got some lovely birthday presents.";"Recibí unos regalos de cumpleaños preciosos"
"The winners were presented with prizes.";"Los ganadores fueron galardonados con premios"
"She presents the late-night news.";"Ella presenta las noticias nocturnas"
"Presentation";"Presentación"
"Presenter";"Presentador"
"A sports presenter";"Presentador deportivo"
"President";"Presidente"
"Press";"Presionar"
"To press a button";"Pulsar un botón"
"To press a suit";"Planchar un traje"
"Pretty";"Bonito"
"Prevent";"Prevenir"
"Previous";"Anterior"
"Previously";"Previamente"
"Price";"Precio"
"Primary school";"Escuela primaria"
"Prince";"Príncipe"
"Princess";"Princesa"
"Principal";"Director"
"Print";"Imprimir"
"To print a document";"Imprimir un documento"
"Printer";"Impresora"
"Prison";"Prisión"
"Prisoner";"Prisionero"
"Private";"Privado"
"Prize";"Premio"
"Probably";"Probablemente"
"Problem";"Problema"
"Produce";"Producir"
"Product";"Producto"
"Production";"Producción"
"Film/music production";"Producción de cine/música"
"She wants to work in television production.";"Quiere trabajar en televisión"
"Profession";"Profesión"
"Professional";"Profesional"
"Professor";"Profesor universitario"
"Program";"Programa"
"TV programme /program";"Programa de televisión"
"Computer program";"Programa informático"
"Programmer";"Programador"
"Computer programmer";"Programador informático"
"Progress";"Progreso"
"Prohibited";"Prohibido"
"Project";"Proyecto"
"School/work project";"Proyecto escolar/laboral"
"Promise";"Promesa"
"To promise to do something";"Prometer hacer algo"
"To keep a promise";"Cumplir una promesa"
"Promote";"Promocionar"
"Pronounce";"Pronunciar"
"To pronounce a word correctly";"Pronunciar una palabra correctamente"
"Pronunciation";"Pronunciación"
"Proper";"Adecuado"
"Properly";"Correctamente"
"My computer isn’t working properly";"Mi ordenador no funciona correctamente"
"Property";"Propiedad"
"Protect";"Proteger"
"Proud";"Orgulloso"
"Prove";"Demostrar"
"Provide";"Proporcionar"
"Public";"Público"
"Public opinion";"Opinión pública"
"To make something public";"Hacer público algo"
"To be open to the public";"Estar abierto al público"
"Public transport";"Transporte público"
"Publish";"Publicar"
"Publisher";"Editor"
"Pull";"Tirar, jalar"
"Pullover";"Jersey"
"Pump";"Bomba (de bombear)"
"Petrol/bike pump";"Bomba de gasolina/bicicleta"
"Punish";"Castigar"
"Pupil";"Alumno"
"Puppy";"Cachorro de perro"
"Pure";"Puro"
"Purple";"Morado"
"Purpose";"Propósito"
"He did it on purpose.";"Lo hizo a propósito"
"The purpose of this meeting is to…";"El propósito de esta reunión es…"
"Purse";"Monedero"
"Push";"Empujar"
"Put";"Poner"
"Put away";"Guardar, retirar"
"He put the book away.";"Guardó el libro"
"Put down";"Apuntar"
"She put her name down for the trip.";"Apuntó su nombre para el viaje"
"Put off";"Posponer"
"The meeting was put off until the following week.";"La reunión se aplazó hasta la semana siguiente"
"Put on";"Ponerse"
"He put on a suit.";"Se puso un traje"
"Can you put on the light?";"¿Puedes encender la luz?"
"He didn’t want to put on weight.";"No quería engordar"
"Put out";"Apagar, desactivar"
"The fire was quickly put out.";"El fuego se apagó rápidamente"
"Put through";"Pasar la llamanda, poner con"
"Can you put me through to the manager, please?";"¿Puede pasarme con el gerente, por favor?"
"Put up";"Montar, subir"
"The company had to put up its prices.";"La empress tuvo que subir sus precios"
"Puzzle";"Rompecabezas"
"Pyjamas /pajamas";"Pijama"
"Qualification";"Cualificación, título"
"Qualified";"Cualificación, título"
"Quality";"Calidad"
"Quantity";"Cantidad"
"Quarter";"Cuarto, trimestre"
"Queen";"Reina"
"Question";"Pregunta, cuestionar"
"To ask a question";"Hacer una pregunta"
"The question being discussed";"La cuestión que se está debatiendo"
"Questionnaire";"Cuestionario"
"Queue";"Cola, hacer cola"
"Quick";"Rápido"
"Quickly";"Rápidamente"
"Quiet";"Tranquilo, silencioso"
"Quietly";"Silenciosamente"
"Quit";"Dejar, abandonar"
"Quite";"Bastante"
"Are you quite sure?";"¿Estás bastante seguro?"
"Quite old";"Bastante viejo"
"Quiz";"Cuestionario, prueba tipo test"
"R";"Cuestionario, prueba tipo test"
"Rabbit";"Conejo"
"Race";"Carrera"
"To win a race";"Ganar una carrera"
"To race against fast runners";"Correr contra corredores rápidos"
"To race home quickly";"Correr rápidamente a casa"
"Racing";"Carreras"
"Racket";"Raqueta"
"Tennis racket";"Raqueta de tenis"
"Radio";"Radio"
"Rail";"Raíl, ferrocarril"
"To go by rail";"Viajar en tren"
"Railroad";"Ferrocarril"
"Railway";"Ferrocarril"
"Rain";"Lluvia"
"Raincoat";"Impermeable"
"Rainforest";"Selva tropical"
"Raise";"Levantar, subir"
"To raise your arm";"Levantar el brazo"
"To raise prices";"Subir los precios"
"Range";"Rango, gama"
"A mountain range";"Cordillera"
"A range of products";"Gama de productos"
"Rap";"Rap"
"Rap artist";"Artista de rap"
"Rare";"Raro"
"Rarely";"Raramente"
"Rather";"Bastante, más bien"
"She’s rather tall for her age.";"Es bastante alta para su edad"
"I’d rather go to the cinema than the theatre.";"Prefiero ir al cine que al teatro"
"Shall we stay in tonight, rather than go out?";"¿Nos quedamos en casa esta noche en lugar de salir?"
"Raw";"Crudo"
"Raw meat";"Carne cruda"
"Reach";"Alcanzar"
"React";"Reaccionar"
"He reacted quickly to the news.";"Reaccionó rápidamente a la noticia"
"Read";"Leer"
"Reader";"Lector"
"Reading";"Lectura"
"Ready";"Listo, preparado"
"Real";"Real"
"Realise/ realize";"Darse cuenta de"
"He realised it was true.";"Se dio cuenta de que era verdad"
"Realistic";"Realista"
"Reality";"Realidad"
"Really";"Realmente"
"Reason";"Razón"
"Reasonable";"Razonable"
"Reasonably";"Razonablemente"
"Rebuild";"Reconstruir"
"Receipt";"Recibo"
"Receive";"Recibir"
"Recent";"Reciente"
"Reception";"Recepción"
"Receptionist";"Recepcionista"
"Recipe";"Receta"
"Recognise /recognize";"Reconocer"
"Recommend";"Recomendar"
"To recommend someone/something";"Recomendar a alguien/algo"
"Record";"Registro, récord, grabar"
"To keep a record";"Mantener un registro"
"To break a record";"Batir un récord"
"To record a song";"Grabar una canción"
"Recording";"Grabación"
"Recover";"Recuperarse"
"To recover from an illness";"Recuperarse de una enfermedad"
"Recycle";"Reciclar"
"I don’t recycle as much as I should.";"No reciclo tanto como debería"
"Recycled";"Reciclado"
"Recycling";"Reciclaje"
"Red";"Rojo"
"Reduce";"Reducir"
"Reduced";"Reducido"
"Refreshments";"Refrescos"
"Refrigerator";"Nevera"
"Refund";"Reembolso"
"Refuse";"Rechazar, negarse"
"Regarding";"Con respecto a"
"Regards";"Saludos"
"Region";"Región"
"Register";"Registrarse"
"He registered with a new doctor.";"Se registró con un nuevo médico"
"Registration";"Registro"
"Regret";"Lamentar, arrepentirse"
"Regular";"Regular"
"Regularly";"Regularmente"
"Relation";"Relación"
"To visit a relation";"Visitar a un familiar"
"Relationship";"Relación"
"Relative";"Pariente"
"A relative came to stay";"Un pariente vino a quedarse"
"Relax";"Relajarse"
"Relaxation";"Relajación"
"Relaxed";"Relajado"
"Reliable";"Fiable, que no falla"
"Relieved";"Aliviado"
"Religion";"Religión"
"Rely on";"Confiar en"
"Remain";"Permanecer"
"Remember";"Recordar"
"Remind";"Recordar, avisar"
"Remove";"Quitar, eliminar"
"Rent";"Alquilar, el alquiler"
"Repair";"Reparar"
"Repeat";"Repetir"
"Replace";"Reemplazar"
"Reply";"Responder"
"Report";"Informe, informar"
"Reporter";"Reportero"
"Request";"Solicitud"
"Require";"Requerir"
"Rescue";"Rescatar"
"Research";"Investigación, investigar"
"Reservation";"Reserva"
"Reserve";"Reserva, reservar"
"She was a reserve for the team.";"Suplente"
"To reserve a seat";"Reservar un asiento"
"Resort";"Complejo turístico"
"Respect";"Respeto, respetar"
"Responsible";"Responsable"
"Rest";"Descanso, descansar"
"A rest from work";"Un descanso del trabajo"
"The rest of them";"El resto de ellos"
"The doctor told her to rest.";"El médico le dijo que descansara"
"Restaurant";"Restaurante"
"Result";"Resultado"
"Retire";"Jubilarse"
"Retirement";"Jubilación"
"Return";"Volver, devolución"
"To return home";"Volver a casa"
"A return";"Billete de ida y vuelta"
"Review";"Reseña, revisar"
"Revise";"Repasar"
"Revision";"Repaso"
"Reward";"Recompensa"
"Rice";"Arroz"
"Rich";"Rico"
"Ride";"Montar, paseo"
"Rider";"Jinete"
"Riding";"Equitación"
"Right";"Derecho, derecha, correcto"
"The right time";"El momento adecuado"
"The right person for the job";"La persona adecuada para el trabajo"
"My right foot";"Mi pie derecho"
"Everything will be all right.";"Todo estará bien"
"Go right there.";"Ve justo ahí"
"Fill it right to the top.";"Llénalo hasta arriba"
"The right to vote";"El derecho a votar"
"Right-hand";"Mano derecha"
"Ring";"Anillo, sonar, llamar"
"Stand in a ring";"Estar de pie en un círculo"
"A wedding ring";"Un anillo de boda"
"Give me a ring tomorrow.";"Llámame mañana"
"Suddenly the bell rang.";"De repente sonó el timbre"
"Ring back";"Volver a llamar"
"Ring up";"Llamar por teléfono"
"To ring somebody";"Llamar a alguien"
"Rise";"Subir, elevarse"
"The sun rises in the east.";"El sol sale por el este"
"Prices are rising.";"Los precios están subiendo"
"River";"Río"
"Road";"Carretera"
"Roast";"Asar"
"Rob";"Robar"
"Robot";"Robot"
"Rock";"Roca, rock"
"Rocket";"Cohete"
"They sent a rocket into space.";"Enviaron un cohete al espacio"
"Role";"Papel, rol"
"Roll";"Rodar, rollo, bollo"
"A roll of film";"Un rollo de película"
"A bread roll";"Un panecillo"
"Romance";"Romance"
"Romantic";"Romántico"
"Roof";"Techo"
"Room";"Habitación, espacio"
"The sitting room";"El salón"
"There’s lots of room in here.";"Hay mucho espacio aquí"
"Roommate";"Compañero de piso"
"Rope";"Cuerda"
"Rose";"Rosa"
"Rough";"Áspero, duro"
"A rough road";"Una carretera en mal estado"
"A rough idea";"Una idea aproximada"
"Rough work";"Trabajo duro"
"Round";"Redondo, alrededor"
"A round object";"Un objeto redondo"
"The wrong way round";"Al revés"
"To sit round a table";"Sentarse alrededor de una mesa"
"Roundabout";"Rotonda"
"Route";"Ruta"
"Routine";"Rutina"
"Row";"Fila, discusión, remar"
"A row of seats";"Una fila de asientos"
"Rubber";"Goma"
"A rubber";"Una goma de borrar"
"Rubbish";"Basura"
"Rude";"Maleducado"
"Rug";"Alfombra"
"Rugby";"Rugby"
"Ruin";"Arruinar"
"Rule";"Regla"
"The rules of grammar";"Las reglas de la gramática"
"To rule a country";"Gobernar un país"
"Ruler";"Regla"
"Draw a line using a ruler";"Dibujar una línea usando una regla"
"Run";"Correr, dirigir"
"To run in a race";"Correr en una carrera"
"To run a business";"Dirigir un negocio"
"Go for a run";"Salir a correr"
"Runner";"Corredor"
"Running";"Correr"
"Run out";"Agotarse"
"He ran out of time and didn’t finish.";"Se quedó sin tiempo y no terminó"
"Sad";"Triste"
"Safe";"Seguro"
"To be safe from harm";"Estar a salvo de daños"
"Safely";"De forma segura"
"Sail";"Navegar"
"Sailing";"Vela, navegación"
"Sailor";"Marinero"
"Salad";"Ensalada"
"Salary";"Salario"
"Sale";"Rebaja, venta"
"Salesman/saleswoman";"Vendedor / vendedora"
"Salmon";"Salmón"
"Salt";"Sal"
"Same";"Mismo"
"At the same time";"Al mismo tiempo"
"Your watch is the same as mine.";"Tu reloj es igual que el mío"
"You should treat everyone the same.";"Deberías tratar a todo el mundo igual"
"Sand";"Arena"
"Sandal";"Sandalia"
"Sandwich";"Sándwich"
"Satisfactory";"Satisfactorio"
"Satisfied";"Satisfecho"
"Sauce";"Salsa"
"Saucepan";"Cazo"
"Saucer";"Platillo"
"Sausage";"Salchicha"
"Save";"Salvar, ahorrar"
"To save someone";"Salvar a alguien"
"To save money";"Ahorrar dinero"
"To save time";"Ahorrar tiempo"
"Say";"Decir"
"To say something to someone";"Decir algo a alguien"
"I really can’t say.";"Realmente no puedo decirlo"
"Scared";"Asustado"
"Scarf";"Bufanda"
"Scary";"Aterrador"
"Scene";"Escena"
"Scenery";"Paisaje"
"School";"Escuela"
"Schoolchild";"Escolar"
"Science";"Ciencia"
"Science fiction";"Ciencia ficción"
"Scientific";"Científico"
"Scientist";"Científico"
"Scissors";"Tijeras"
"Scooter";"Patinete"
"Score";"Marcador, puntuar"
"The score was 3-0.";"El marcador fue 3-0"
"To score a goal";"Marcar un gol"
"Scream";"Gritar"
"Screen";"Pantalla"
"Sculpture";"Escultura"
"Sea";"Mar"
"Search";"Buscar"
"Seaside";"Costa, litoral"
"Season";"Temporada"
"Seat";"Asiento"
"Seat belt";"Cinturón de seguridad"
"Second";"Segundo"
"She came second and won silver.";"Quedó segunda y ganó la plata"
"This is the second time you’ve been late.";"Esta es la segunda vez que llegas tarde"
"Sixty seconds in a minute";"Sesenta segundos en un minuto"
"Secondary";"Secundario"
"Secondary school";"Escuela secundaria"
"Second-hand";"De segunda mano"
"Secret";"Secreto"
"Secretary";"Secretario/a"
"Section";"Sección"
"Security";"Seguridad"
"Security guard";"Guardia de seguridad"
"See";"Ver"
"To see something";"Ver algo"
"To see the joke";"Entender el chiste"
"To see someone about a problem";"Ver a alguien por un problema"
"Seem";"Parecer"
"Select";"Seleccionar"
"Selfie";"Selfi"
"Take a selfie";"Hazte un selfi"
"Selfish";"Egoísta"
"Self-service";"Autoservicio"
"Sell";"Vender"
"Send";"Enviar"
"Sense";"Sentido"
"Sensible";"Sensato"
"Sentence";"Frase"
"Words in a sentence";"Palabras en una frase"
"Separate";"Separar"
"A TV series";"Serie de televisión"
"Serious";"Serio"
"A serious person";"Una persona seria"
"A serious illness";"Una enfermedad grave"
"Seriously";"Seriamente"
"Serve";"Servir"
"To serve in a shop";"Servir en una tienda"
"Server";"Servidor"
"A file server";"Servidor de archivos"
"Service";"Servicio"
"A bus service";"Servicio de autobús"
"Customer service";"Atención al cliente"
"Session";"Sesión"
"Set";"Poner, conjunto"
"Set off";"Salir"
"She set off early for work.";"Salió temprano para ir a trabajar"
"Set out";"Emprender, disponerse, ponerse a"
"They set out on the long journey.";"Emprendieron el largo viaje"
"Set up";"Establecer, montar"
"Her mother helped her to set up in business.";"Su madre la ayudó a montar el negocio"
"Several";"Varios"
"Sew";"Coser"
"Sex";"Sexo"
"The male/female sex";"El sexo masculino/femenino"
"Shade";"Sombra"
"To sit in the shade";"Sentarse a la sombra"
"Shadow";"Sombra"
"Shake";"Sacudir"
"Shame";"Vergüenza"
"Shampoo";"Champú"
"Shape";"Forma"
"Share";"Compartir"
"To share food";"Compartir comida"
"To share online";"Compartir en línea"
"Shark";"Tiburón"
"Sharp";"Afilado"
"A sharp knife";"Un cuchillo afilado"
"A sharp corner";"Una esquina afilada"
"A sharp picture";"Una imagen nítida"
"Shave";"Afeitarse"
"She";"Ella"
"Sheep";"Oveja"
"Sheet";"Sábana, hoja, lámina"
"Sheets on a bed";"Sábanas de una cama"
"Information sheet";"Hoja de información"
"Shelf";"Estantería"
"Shine";"Brillar"
"Shiny";"Brillante"
"Ship";"Barco"
"Shirt";"Camisa"
"Shock";"Choque"
"To suffer from shock";"Sufrir un shock"
"Shocked";"Conmocionado"
"Shocking";"Impactante"
"Shoe";"Zapato"
"Shoot";"Disparar"
"To shoot at the goal";"Disparar a la portería"
"Shop";"Tienda"
"Shop assistant";"Dependiente de tienda"
"Shopper";"Comprador"
"Shopping";"Compras"
"Let’s go shopping tomorrow.";"Vayamos de compras mañana"
"Shore";"Orilla"
"Short";"Corto"
"Shortly";"En breve"
"Shorts";"Pantalones cortos"
"A pair of shorts";"Un par de pantalones cortos"
"Shoulder";"Hombro"
"Shout";"Gritar"
"Show";"Mostrar, espectáculo"
"A film show";"Proyección de cine"
"Show it to me.";"Muéstramelo"
"The picture shows a village.";"La imagen muestra un pueblo"
"It shows that they care.";"Muestra que les importa"
"Show up";"Aparecer"
"He showed up at the party";"Apareció en la fiesta"
"Shower";"Ducha"
"A shower of rain";"Un chaparrón"
"To have a shower shut";"Darse una ducha"
"Shy";"Tímido"
"Sick";"Enfermo"
"Side";"Lado"
"Sight";"Vista"
"Her sight is better with glasses.";"Su vista es mejor con gafas"
"In sight, out of sight sightseeing";"A la vista, fuera de la vista, hacer turismo"
"Sign";"Señal, firmar"
"A road sign";"Señal de tráfico"
"To sign a document";"Firmar un documento"
"No sign of life";"Ninguna señal de vida"
"Signs of winter";"Señales de invierno"
"Signal";"Señal"
"Signature";"Firma"
"Signpost";"Poste indicador"
"Sign up";"Inscribirse"
"Sign up for an online course";"Inscribirse en un curso en línea"
"Silence";"Silencio"
"Silent";"Silencioso"
"Silk";"Seda"
"Silly";"Tonto"
"Silver";"Plata"
"Similar";"Similar"
"Simple";"Simple"
"Since";"Desde, ya que"
"Sincerely";"Sinceramente"
"Yours sincerely";"Atentamente"
"Sing";"Cantar"
"Singer";"Cantante"
"Singing";"Canto"
"Single";"Billete sencillo, soltero"
"A single to Manchester";"Un billete sencillo a Manchester"
"To be single";"Estar soltero"
"A single room";"Una habitación individual"
"Sink";"Fregadero, hundirse"
"A kitchen sink";"Fregadero de cocina"
"The ship began to sink.";"El barco empezó a hundirse"
"Sir";"Señor"
"Yes, sir!";"Sí, señor"
"Sister";"Hermana"
"Sit";"Sentarse"
"Sit down";"Sentarse"
"Site";"Sitio"
"Sitting room";"Salón"
"Situated";"Situado"
"Situation";"Situación"
"Size";"Tamaño"
"Skate";"Patinar"
"Skateboard";"Monopatín"
"Skateboarding";"Monopatinar"
"Skating";"Patinaje"
"Ski";"Esquiar"
"Skiing";"Esquí"
"Skill";"Habilidad"
"Skin";"Piel"
"Skirt";"Falda"
"Sky";"Cielo"
"Sleep";"Dormir"
"I usually go to sleep at 11pm.";"Normalmente me voy a dormir a las 11"
"Sleepy";"Soñoliento"
"Sleeve";"Manga"
"Sleeveless";"Sin mangas"
"Slice";"Rebanada"
"Slide";"Deslizarse"
"Slightly";"Ligeramente"
"Slim";"Delgado"
"Slip";"Resbalar"
"To slip on the ice";"Resbalar en el hielo"
"Slow";"Lento"
"Slowly";"Lentamente"
"Small";"Pequeño"
"Smart";"Inteligente, elegante"
"A smart idea";"Una idea inteligente"
"Smart clothes";"Ropa elegante"
"Smartphone";"Teléfono inteligente"
"Smell";"Oler, olor"
"Smile";"Sonreír"
"Smoke";"Humo, fumar"
"Smoking";"Fumar"
"Smooth";"Suave"
"A smooth surface";"Una superficie lisa"
"A smooth ride in the new car";"Un viaje suave en el coche nuevo"
"Snack";"Tentempié"
"Snake";"Serpiente"
"Snow";"Nieve"
"Snowboard";"Tabla de snowboard"
"Snowboarding";"Snowboard"
"Snowfall";"Nevada"
"So";"Así que"
"Soap";"Jabón"
"Soap opera";"Telenovela"
"Soccer";"Fútbol"
"Sociable";"Sociable"
"Social";"Social"
"Social media";"Redes sociales"
"Society";"Sociedad"
"Sock";"Calcetín"
"Sofa";"Sofá"
"Soft";"Blando, suave"
"A soft material";"Un material blando"
"A soft drink";"Un refresco"
"Software";"Software"
"Soldier";"Soldado"
"Solution";"Solución"
"Solve";"Resolver"
"Some";"Algo de, algunos"
"Somebody";"Alguien"
"Somehow";"De alguna manera"
"Someone";"Alguien"
"Something";"Algo"
"Be into something.";"Gustar mucho de algo"
"Sometimes";"A veces"
"Somewhere";"En algún lugar"
"Son";"Hijo"
"Song";"Canción"
"Soon";"Pronto"
"I will come soon.";"Vendré pronto"
"As soon as I can";"Tan pronto como pueda"
"Sore";"Adolorido"
"Sorry";"Lo siento"
"Sort";"Tipo"
"The same sort";"Del mismo tipo"
"So-so";"Regular"
"Soul";"Alma"
"Sound";"Sonido, sonar"
"The sound of music";"El sonido de la música"
"It sounds like/as if…";"Suena como si…"
"Soundtrack";"Banda Sonora"
"The film’s soundtrack has music by Adele.";"La banda sonora de la película tiene música de Adele"
"Soup";"Sopa"
"Sour";"Agrio"
"A sour taste";"Un sabor agrio"
"South";"Sur"
"Southeast";"Sureste"
"Southern";"Del sur"
"Southwest";"Suroeste"
"Souvenir";"Souvenir"
"Space";"Espacio"
"A parking space";"Plaza de aparcamiento"
"Write in the spaces";"Escribir en los espacios"
"Not enough space";"No hay suficiente espacio"
"Outer space";"Espacio exterior"
"Spaceship";"Nave espacial"
"Spare";"De sobra, ahorrar"
"Spare cash, spare time";"Dinero/tiempo de sobra"
"To spare the time";"Sacar tiempo"
"Sparkling";"Con gas"
"Sparkling water, please.";"Agua con gas, por favor"
"Speak";"Hablar"
"Speaker";"Orador"
"Special";"Especial"
"Specially";"Especialmente"
"Species";"Especie"
"Spectacular";"Espectacular"
"Speech";"Discurso"
"Speed";"Velocidad"
"Spell";"Deletrear"
"Spelling";"Ortografía"
"Spend";"Gastar"
"To spend money/time";"Gastar dinero/tiempo"
"Spice";"Especia"
"Spicy";"Picante"
"Spill";"Derramar"
"Spinach";"Espinacas"
"Spite";"A pesar de"
"In spite of";"A pesar de"
"Split up";"Separarse"
"She’s just split up with her boyfriend.";"Acaba de separarse de su novio"
"Spoil";"Estropear, malcriar"
"Spoon";"Cuchara"
"Sport";"Deporte"
"Sports centre /center";"Polideportivo"
"Spot";"Mancha, lugar"
"Spy";"Espía"
"Square";"Cuadrado, plaza"
"A square room";"Una habitación cuadrada"
"A market square";"Una plaza del mercado"
"Squash";"Squash"
"Stadium";"Estadio"
"Staff";"Personal"
"Stage";"Escenario"
"To perform on a stage";"Actuar en un escenario"
"Stairs";"Escaleras"
"Stall";"Puesto"
"Market stall";"Puesto de mercado"
"Stamp";"Sello"
"A postage stamp";"Sello postal"
"Stand";"Estar de pie, soportar"
"Star";"Estrella"
"Stars in the sky";"Estrellas en el cielo"
"A film star";"Estrella de cine"
"Start";"Empezar"
"A good start";"Un buen comienzo"
"To start a race";"Empezar una carrera"
"Station";"Estación"
"A bus/fire/radio station";"Estación de autobuses/bomberos/radio"
"Statue";"Estatua"
"Stay";"Quedarse"
"To stay to dinner";"Quedarse a cenar"
"To stay with friends";"Quedarse con amigos"
"To stay looking young";"Mantenerse joven"
"A two-night stay";"Una estancia de dos noches"
"Stay behind";"Quedarse atrás"
"She stayed behind after the lesson to speak to the teacher.";"Se quedó después de la clase para hablar con el profesor"
"Steak";"Filete"
"Steal";"Robar"
"Steep";"Empinado"
"Step";"Paso"
"Two steps forward";"Dos pasos adelante"
"To climb the steps";"Subir los escalones"
"Step forward/back/out";"Dar un paso adelante/atrás/fuera"
"Step over/in/on/out of";"Dar un paso por encima/dentro/encima/fuera de"
"Stick";"Palo, pegar"
"A walking stick";"Bastón"
"To stick two things together";"Pegar dos cosas"
"Sticky";"Pegajoso"
"Still";"Quieto, todavía"
"I prefer still to sparkling water.";"Prefiero agua sin gas"
"Sit still!";"¡quédate quieto!"
"She’s still here.";"Todavía está aquí"
"Stir";"Remover"
"Stomach";"Estómago"
"Stomach ache";"Dolor de estómago"
"Stone";"Piedra"
"A large stone";"Una piedra grande"
"A stone bridge";"Un puente de piedra"
"Stop";"Parar"
"A bus stop";"Parada de autobús"
"The car stopped.";"El coche se paró"
"It’s stopped raining.";"Ha dejado de llover"
"The rain stopped me from going out.";"La lluvia me impidió salir"
"Store";"Tienda"
"A department store";"Grandes almacenes"
"Storm";"Tormenta"
"Story";"Historia"
"Straight";"Recto"
"To go straight on";"Seguir recto"
"A straight road";"Una carretera recta"
"Strange";"Extraño"
"Stranger";"Desconocido"
"Strawberry";"Fresa"
"Stream";"Arroyo"
"Street";"Calle"
"Stress";"Estrés"
"He didn’t want the stress of a new job.";"No quería el estrés de un nuevo trabajo"
"Stressed";"Estresado"
"Stressful";"Estresante"
"Strict";"Estricto"
"Strike";"Huelga, golpear"
"To go on strike";"Ir a la huelga"
"To strike something";"Golpear algo"
"Stripe";"Raya, banda, barra"
"Strong";"Fuerte"
"Student";"Estudiante"
"Studio";"Estudio"
"TV/artist’s/recording studio";"Estudio de TV/artista/grabación"
"Studies";"Estudios"
"Study";"Estudiar"
"To study physics";"Estudiar física"
"To study the map";"Estudiar el mapa"
"Social studies";"Ciencias sociales"
"Stuff";"Cosas"
"Stupid";"Estúpido"
"Style";"Estilo"
"Stylish";"Elegante"
"Subject";"Tema, asignatura"
"The subject of a discussion";"El tema de una discusión"
"The subject of a sentence";"El sujeto de una oración"
"A school subject";"Una asignatura escolar"
"Subtract";"Restar"
"Subway";"Metro (USA)"
"Succeed";"Tener éxito"
"Success";"Éxito"
"Successful";"Exitoso"
"Such";"Tal"
"Sudden";"Repentino"
"Suddenly";"De repente"
"Suffer";"Sufrir"
"Sugar";"Azúcar"
"Suggest";"Sugerir"
"Suggestion";"Sugerencia"
"Suit";"Traje, venir bien"
"To wear a suit";"Llevar un traje"
"The colour red suits you.";"El color rojo te queda bien"
"Which time suits you?";"¿Qué hora te viene bien?"
"Suitable";"Adecuado"
"Suitcase";"Maleta"
"Sum";"Suma"
"Huge sum of money.";"Una enorme suma de dinero"
"Sun";"Sol"
"Sunbathe";"Tomar el sol"
"Sunglasses";"Gafas de sol"
"Sunny";"Soleado"
"Sunrise";"Amanecer"
"Sunset";"Atardecer"
"Sunshine";"Luz del sol"
"Superhero";"Superhéroe"
"Supermarket";"Supermercado"
"Supper";"Recena, comida ligera antes de acostarse"
"Supply";"Suministrar"
"Fran supplied the sandwiches for the party.";"Fran suministró los sándwiches para la fiesta"
"Support";"Apoyar, apoyo"
"She gave me a lot of support during my exams.";"Me dio mucho apoyo durante los exámenes"
"To support a weight";"Soportar un peso"
"To support a team";"Apoyar a un equipo"
"Supporter";"Seguidor"
"Suppose";"Suponer"
"I suppose it’s true.";"Supongo que es verdad"
"You aren’t supposed to drive fast.";"No se supone que conduzcas rápido"
"It’s supposed to be a good film.";"Se supone que es una buena película"
"Sure";"Seguro"
"I’m sure you’re right.";"Estoy seguro de que tienes razón"
"To make sure";"Asegurarse"
"Surf";"Surfear"
"Surfboard";"Tabla de surf"
"Surfing";"Surf"
"Surname";"Apellido"
"Surprise";"Sorpresa"
"Surprised";"Sorprendido"
"Surprising";"Sorprendente"
"Surround";"Rodear"
"The cottage is surrounded by beautiful countryside.";"La casa está rodeada de un hermoso campo"
"Sweater";"Jersey"
"Sweatshirt";"Sudadera"
"Sweet";"Dulce"
"Sweet food";"Comida dulce"
"A sweet face";"Una cara dulce"
"A sweet smell";"Un olor dulce"
"To eat a sweet";"Comer un caramelo"
"Swim";"Nadar"
"Swimmer";"Nadador"
"Swimming";"Natación"
"Swimming costume";"Traje de baño"
"Swimming pool";"Piscina"
"Swimsuit";"Bañador"
"Switch";"Interruptor, cambiar"
"Light switch";"Interruptor de la luz"
"To switch on/off a machine";"Encender/apagar un máquina"
"System";"Sistema"
"Table";"Mesa"
"Table-cloth";"Mantel"
"Tablet";"Tableta"
"Table tennis";"Tenis de mesa"
"Take";"Tomar, llevar"
"To take someone’s hand";"Coger la mano de alguien"
"To take someone’s things";"Coger las cosas de alguien"
"To take a photo";"Hacer una foto"
"To take a long time";"Llevar mucho tiempo"
"To take a holiday";"Tomarse vacaciones"
"Takeaway";"Comida para llevar"
"Take away";"Quitar, restar"
"Take 15 away from 78.";"Resta 15 de 78"
"Take care of";"Cuidar de"
"Take care of someone.";"Cuidar de alguien"
"Take off";"Quitarse, despegar"
"Do you want to take off your coat?";"¿quieres quitarte el abrigo?"
"The plane takes off at 6.";"El avión despega a las 6"
"Take part";"Participar"
"Everybody took part in the meeting.";"Todo el mundo participó en la reunión"
"Take place";"Tener lugar"
"The meeting took place at six.";"La reunión tuvo lugar a las seis"
"Take up";"Empezar, dedicarse a"
"He decided to take up a new hobby.";"Decidió empezar un nuevo hobby"
"Talent";"Talento"
"Talented";"Talentoso"
"Talk";"Hablar"
"Talk show";"Programa de entrevistas"
"Tall";"Alto"
"Tap";"Grifo"
"A cold-water tap";"Un grifo de agua fría"
"Taste";"Gusto, sabor"
"To have good taste";"Tener buen gusto"
"To taste food";"Probar comida"
"It tastes good.";"Sabe bien"
"Tasty";"Sabroso"
"Tax";"Impuesto"
"Taxi";"Taxi"
"Tea";"Té"
"Teach";"Enseñar"
"Teacher";"Profesor"
"Teaching";"Enseñanza"
"Team";"Equipo"
"Tear";"Lágrima, rasgar"
"Tears ran down her cheeks.";"Las lágrimas corrían por sus mejillas"
"To tear a piece of paper";"Romper un trozo de papel"
"Technique";"Técnica"
"Technology";"Tecnología"
"Teenager";"Adolescente"
"Telephone";"Teléfono"
"Television";"Televisión"
"Tell";"Contar, decir"
"To tell a story";"Contar una historia"
"To tell someone something";"Decir algo a alguien"
"To tell someone to do something";"Decirle a alguien que haga algo"
"You can’t always tell.";"No siempre se puede saber"
"Temperature";"Temperatura"
"To have a temperature";"Tener fiebre"
"Air temperature";"Temperatura del aire"
"Temporary";"Temporal"
"Tennis";"Tenis"
"Tense";"Tiempo verbal, tenso"
"Tent";"Tienda de campaña"
"Term";"Trimestre, término"
"Terrible";"Terrible"
"Terribly";"Terriblemente"
"Terrific";"Estupendo"
"Terrified";"Aterrorizado"
"Test";"Prueba, examen"
"Text";"Texto, mandar un mensaje de texto"
"Textbook";"Libro de texto"
"Text message";"Mensaje de texto"
"Than";"Que (comparación)"
"Thank";"Agradecer"
"Thanks";"Gracias"
"Thank you";"Gracias"
"That";"Eso/ese/aquel/aquello"
"The";"El/la/los/las"
"Theatre";"Teatro"
"Their";"Su (de ellos)"
"Theirs";"Suyo (de ellos)"
"Them";"A ellos, los, les"
"Themselves";"Ellos mismos, a ellos mismos"
"Then";"Entonces, después"
"There";"Allí"
"Therefore";"Por lo tanto"
"These";"Estos"
"They";"Ellos"
"Thick";"Grueso, espeso"
"Thief";"Ladrón"
"Thin";"Delgado"
"Thing";"Cosa"
"Think";"Pensar"
"To think about something";"Pensar en algo"
"I think he’s left.";"Creo que se ha ido"
"What did you think of the film?";"¿Qué te pareció la película?"
"I think I will go.";"Creo que iré"
"I’m thinking of going.";"Estoy pensando en ir"
"Thirsty";"Sediento"
"This";"Esto, esta"
"Those";"Esos, aquello"
"Though";"Aunque"
"Thought";"Pensamiento"
"To have thoughts about something";"Tener pensamientos sobre algo"
"To be deep in thought";"Estar absorto en pensamientos"
"Thriller";"Thriller"
"Throat";"Garganta"
"Through";"A través de"
"Throw";"Tirar, lanzar"
"Throw away";"Tirar a la basura"
"He threw away the old TV.";"Tiró la tele vieja"
"Thumb";"Pulgar"
"Thunder";"Trueno"
"Thunderstorm";"Tormenta eléctrica"
"Tick";"Marca, tictac"
"Ticket";"Billete"
"Tidy";"Ordenado"
"Tidy up";"Ordenar"
"Please tidy up when you’ve finished.";"Por favor ordena cuando hayas terminado"
"Tie";"Corbata, atar"
"A shirt and tie";"Camisa y corbata"
"To tie with string";"Atar con cordel"
"Tiger";"Tigre"
"Tight";"Apretado"
"Tight shoes";"Zapatos apretados"
"Tights";"Mallas, medias"
"A pair of tights";"Un par de mallas"
"Till";"Hasta"
"To wait till the end";"Esperar hasta el final"
"Till he comes";"Hasta que venga"
"Time";"Tiempo, vez"
"What time is it?";"¿qué hora es?"
"It took a long time.";"Llevó mucho tiempo"
"The last time";"La última vez"
"Is it time yet?";"¿ya es hora?"
"Four times five is twenty.";"Cuatro por cinco son veinte"
"Timetable";"Horario"
"Tin";"Lata"
"A tin of peas";"Una lata de guisantes"
"Made of tin";"Hecho de hojalata"
"Tiny";"Diminuto"
"Tip";"Punta, propina"
"The tip of the pencil";"La punta del lápiz"
"A tip for the waitress";"Una propina para la camarera"
"Tired";"Cansado"
"Tiring";"Agotador"
"Tissue";"Pañuelo de papel"
"Title";"Título"
"To";"A"
"Toast";"Tostada"
"Toast for breakfast today";"Tostada para desayunar hoy"
"Toe";"Dedo del pie"
"Together";"Juntos"
"Toilet";"Baño"
"Tomato";"Tomate"
"Tomorrow";"Mañana"
"Tongue";"Lengua"
"Tonight";"Esta noche"
"Too";"También, demasiado"
"I have been there, too.";"Yo también he estado allí"
"It’s too heavy to lift.";"Es demasiado pesado para levantarlo"
"Tooth/teeth";"Diente/dientes"
"Toothache";"Dolor de muelas"
"Toothbrush";"Cepillo de dientes"
"Toothpaste";"Pasta de dientes"
"Top";"Arriba, superior"
"Top of the class";"El mejor de la clase"
"At the top of his voice";"A pleno pulmón"
"Topic";"Tema"
"Torch";"Linterna"
"Total";"Total"
"Totally";"Totalmente"
"Touch";"Tocar"
"Tour";"Recorrido, gira"
"Tour guide";"Guía turístico"
"Tourism";"Turismo"
"Tourist";"Turista"
"Tourist information centre";"Oficina de información turística"
"Tournament";"Torneo"
"Toward";"Hacia"
"Towel";"Toalla"
"Tower";"Torre"
"Town";"Pueblo, ciudad"
"Toy";"Juguete"
"Track";"Pista"
"A race track";"Pista de carreras"
"Tracksuit";"Chándal"
"Trade";"Comercio"
"Traditional";"Tradicional"
"Traffic";"Tráfico"
"Traffic jam";"Atasco de tráfico"
"Traffic light";"Semáforo"
"Train";"Tren, entrenar"
"To travel by train";"Viajar en tren"
"To train in a skill";"Entrenar una habilidad"
"Trainer";"Entrenador, zapatillas"
"A pair of trainers";"Un par de zapatillas"
"A personal trainer";"Entrenador personal"
"Training";"Entrenamiento"
"Tram";"Tranvía"
"Transfer";"Transferir"
"Translate";"Traducir"
"Translation";"Traducción"
"Transport";"Transporte"
"Trash can";"Papelera"
"Travel";"Viajar"
"Travel agent";"Agente de viajes"
"Tree";"Árbol"
"Trend";"Tendencia"
"Trick";"Truco"
"Trip";"Viaje"
"A weekend trip";"Un viaje de fin de semana"
"Trouble";"Problema"
"Trousers";"Pantalones"
"Truck";"Camión"
"Trunk";"Maletero, baúl, tronco"
"The trunk of a car";"El maletero de un coche"
"True";"Verdadero"
"Is it true?";"¿es verdad?"
"A true friend";"Un amigo verdadero"
"Trumpet";"Trompeta"
"Trust";"Confiar"
"To trust someone";"Confiar en alguien"
"Truth";"Verdad"
"Try";"Intentar"
"To try to do something";"Intentar hacer algo"
"To try something";"Probar algo"
"Try on";"Probarse"
"To try on shoes";"Probarse zapatos"
"T-shirt";"Camiseta"
"Tube";"Tubo"
"A tube of toothpaste";"Un tubo de pasta de dientes"
"Tuna";"Atún"
"Tune";"Melodía"
"Tunnel";"Túnel"
"Turkey";"Pavo"
"Turn";"Girar, turno"
"To turn your head";"Girar la cabeza"
"To turn the page";"Pasar la página"
"It’s my turn.";"Es mi turno"
"The wheels began to turn.";"Las ruedas empezaron a girar"
"Turn down";"Bajar"
"Could you turn down the music?";"¿puedes bajar la música?"
"Turning";"Giro"
"The first turning on the left";"El primer giro a la izquierda"
"Turn into";"Convertirse en"
"The water had turned into ice.";"El agua se convirtió en hielo"
"Turn off";"Apagar"
"She turned off the engine.";"Apagó el motor"
"Turn on";"Encender"
"Can you turn on the TV?";"¿puedes encender la televisión?"
"Turn up";"Subir el volume, la intensidad"
"Turn up the radio – I can hardly hear it.";"Sube la radio, casi no lo oigo"
"Twice";"Dos veces"
"Twin";"Gemelo"
"Type";"Tipo, escribir a máquina"
"A type of person";"Un tipo de persona"
"To type a letter";"Escribir una carta a máquina"
"Typical";"Típico"
"Typically";"Típicamente"
"Tyre /tire";"Neumático"
"Ugly";"Feo"
"Umbrella";"Paraguas"
"Unable";"Incapaz"
"Unbelievable";"Increible"
"Uncle";"Tío"
"Uncomfortable";"Incómodo"
"Under";"Debajo de"
"Under the bed";"Debajo de la cama"
"Under £10.00";"Por debajo de 10 libras"
"Underground";"Subterráneo, metro"
"Underground trains";"Trenes de metro"
"To travel by underground";"Viajar en metro"
"Underline";"Subrayar"
"Underneath";"Debajo de"
"Underpants";"Calzoncillos"
"Understand";"Entender"
"Underwater";"Submarino, bajo el agua"
"Underwear";"Ropa interior"
"Undress";"Desvestirse"
"Unemployed";"Desempleado"
"Unemployment";"Desempleo"
"Unexpected";"Inesperado"
"Unfair";"Injusto"
"Unfit";"No apto, fuera de forma"
"Unforgettable";"Inolvidable"
"Unfortunately";"Desafortunadamente"
"Unfriendly";"Antipático"
"Unhappy";"Infeliz"
"Unhealthy";"Insalubre"
"Uniform";"Uniforme"
"Union";"Sindicato, unión"
"Unit";"Unidad"
"Unkind";"Antipático, cruel"
"Unknown";"Desconocido"
"Unimportant";"Sin importancia"
"Uninterested";"Desinteresado"
"Uninteresting";"Aburrido"
"Universe";"Universo"
"University";"Universidad"
"Unless";"A menos que"
"Unlikely";"Poco probable"
"Unlucky";"Desafortunado"
"Unnecessary";"Innecesario"
"Unpack";"Deshacer la maleta"
"Unpleasant";"Desagradable"
"Unsure";"Inseguro"
"Untidy";"Desordenado"
"Until";"Hasta"
"Unusual";"Inusual"
"Unwell";"Indispuesto"
"Up";"Arriba"
"To walk up the hill";"Subir la colina"
"Are you up yet?";"¿ya estás despierto?"
"Lift your head up.";"Levanta la cabeza"
"Speak up, please.";"Habla más alto, por favor"
"Update";"Actualización, actualizar"
"Upload";"Subir, cargar"
"Upon";"Sobre"
"Once upon a time";"Érase una vez"
"That depends upon when you finish.";"Eso depende de cuándo termines"
"Upper";"Superior"
"Upset";"Molesto, alterado"
"Upstairs";"Arriba"
"Up to";"Hasta"
"Up to six people";"Hasta seis personas"
"Up to date";"Actualizado"
"Urgent";"Urgente"
"Urgently";"Urgentemente"
"Us";"Nosotros"
"Use";"Usar, uso"
"Can you use a computer?";"¿sabes usar un ordenador?"
"It’s for the use of teachers only.";"Es solo para uso del profesorado"
"Is this any use to you?";"¿te sirve de algo esto?"
"Used to";"Solía, estar acostumbrado a"
"I used to cycle a lot when I was younger.";"Solía ir mucho en bici cuando era más joven"
"I’m not used to getting up early.";"No estoy acostumbrado a levantarme temprano"
"Useful";"Útil"
"User";"Usuario"
"Usual";"Habitual"
"Usually";"Normalmente"
"V";"Normalmente"
"V/versus";"Contra"
"Manchester United v Liverpool";"Manchester United contra Liverpool"
"Valley";"Valle"
"Valuable";"Valioso"
"Value";"Valor"
"Van";"Furgoneta"
"Vanilla";"Vainilla"
"Variety";"Variedad"
"Various";"Varios"
"Vase";"Jarrón"
"Vegetable";"Verdura"
"Vegetarian";"Vegetariano"
"Vehicle";"Vehículo"
"Version";"Versión"
"New/original version";"Versión nueva/original"
"Very";"Muy"
"Vet";"Veterinario"
"Via";"Vía"
"Video";"Vídeo"
"Video clip";"Videoclip"
"Video game";"Videojuego"
"View";"Vista"
"A beautiful view";"Una vista hermosa"
"Village";"Pueblo"
"Violin";"Violín"
"Virus";"Virus"
"A computer virus";"Un virus informático"
"Visa";"Visado"
"Visit";"Visitar"
"Visitor";"Visitante"
"Vocabulary";"Vocabulario"
"Voice";"Voz"
"Volleyball";"Voleibol"
"Volume";"Volumen"
"Volunteer";"Voluntario"
"Vote";"Votar"
"Vowel";"Vocal"
"Wage";"Salario"
"Waiter";"Camarero"
"Waiting room";"Camarero"
"Waitress";"Camarera"
"Wake";"Despertar"
"Wake up";"Despertarse"
"Walk";"Caminar, paseo"
"Walking";"Caminar"
"Wall";"Pared"
"Wallet";"Cartera"
"Want";"Querer"
"War";"Guerra"
"Wardrobe";"Armario"
"Warm";"Caliente"
"Warn";"Advertir"
"Warning";"Advertencia"
"Wash";"Lavar"
"Wash up";"Fregar"
"Washing machine";"Lavadora"
"Washing-up";"Lavado de platos"
"To do the washing-up";"Hacer la vajilla"
"Waste";"Residuo, desperdicio"
"There is a lot of plastic waste nowadays.";"Hoy en día hay muchos residuos de plástico"
"Watch";"Reloj, mirar"
"My watch keeps good time.";"Mi reloj va bien"
"I watched TV last night.";"Vi la tele anoche"
"Water";"Agua"
"Waterfall";"Cascada"
"Wave";"Ola, saludar con la mano"
"Waves at sea";"Olas en el mar"
"To wave goodbye";"Decir adiós con la mano"
"Way";"Camino, manera"
"Is this the way?";"¿es este el camino?"
"The wrong way";"El camino equivocado"
"A long way";"Un largo camino"
"To stand in the way";"Ponerse en medio"
"That’s the way to do it.";"Esa es la manera de hacerlo"
"Way of life";"Modo de vida"
"Way in, way out";"Entrada, salida"
"We";"Nosotros"
"Weak";"Débil"
"To feel weak";"Sentirse débil"
"A weak excuse";"Una excusa débil"
"Wear";"Llevar puesto"
"To wear a dress";"Llevar un vestido"
"Wear out";"Desgastar"
"You’ll wear out those shoes.";"Desgastarás esos zapatos"
"My shoes are worn out.";"Mis zapatos están gastados"
"Weather";"Tiempo (meteorológico)"
"Weather forecast";"Pronóstico del tiempo"
"Web";"Web"
"Webcam";"Cámara web"
"Web page";"Página web"
"Website";"Sitio web"
"Wedding";"Boda"
"Week";"Semana"
"Weekday";"Día laborable"
"Weekend";"Fin de semana"
"Weekly";"Semanal"
"A weekly magazine";"Una revista semanal"
"To phone home twice weekly";"Llamar a casa dos veces por semana"
"Weigh";"Pesar"
"Weight";"Peso"
"Welcome";"Bienvenido"
"A warm welcome";"Una cálida bienvenida"
"Welcome to London!";"¡bienvenido a Londres!"
"Well";"Bien"
"I’m very well, thanks.";"Estoy muy bien, gracias"
"To behave very well";"Comportarse muy bien"
"Shake the bottle well.";"Agita bien la botella"
"Well, here we are.";"Bueno, aquí estamos"
"Well done!";"¡bien hecho!"
"Well-dressed";"Bien vestido"
"Well-known";"Bien conocido"
"Well made / well-made";"Bien hecho"
"West";"Oeste"
"Western";"Occidental"
"Wet";"Mojado"
"Wet clothes";"Ropa mojada"
"Get wet";"Mojarse"
"Wet weather";"Tiempo lluvioso"
"Wetsuit/wet suit";"Traje de neopreno"
"Whale";"Ballena"
"What";"Qué"
"Whatever";"Lo que sea"
"Wheel";"Rueda"
"Wheelchair";"Silla de ruedas"
"When";"Cuando"
"Whenever";"Cuando sea"
"Where";"Donde"
"Wherever";"Donde sea"
"Whether";"Si"
"Which";"Cuál"
"While";"Mientras"
"Whilst";"Mientras"
"He stayed for a short while";"Se quedó un rato corto"
"White";"Blanco"
"Who";"Quién"
"Whole";"Entero"
"Whose";"Cuyo"
"Why";"Por qué"
"Wide";"Ancho"
"A wide road";"Una carretera ancha"
"Wife";"Esposa"
"Wild";"Salvaje"
"Wildlife";"Vida salvaje"
"Will";"Voluntad, futuro"
"Willing";"Dispuesto"
"Win";"Ganar"
"Wind";"Viento"
"A strong wind was blowing.";"Soplaba un viento fuerte"
"Window";"Ventana"
"Windscreen";"Parabrisas"
"Windsurfing";"Windsurf"
"Windy";"Ventoso"
"Wing";"Ala"
"A bird’s wing";"Ala de un pájaro"
"The wing of an aeroplane /airplane";"Ala de un avión"
"Winner";"Ganador"
"Wise";"Sabio"
"Wish";"Desear"
"Best wishes.";"Mejores deseos"
"Wish me luck.";"Deséame suerte"
"I wish you were here.";"Ojalá estuvieras aquí"
"With";"Con"
"Within";"Dentro de"
"Without";"Sin"
"Woman";"Mujer"
"Wonder";"Preguntarse"
"I wonder what he said.";"Me pregunto qué dijo"
"Wonderful";"Maravilloso"
"Wood";"Madera"
"To be made of wood";"Estar hecho de madera"
"In a large wood";"En un gran bosque"
"Wooden";"De madera"
"Wool";"Lana"
"Word";"Palabra"
"He didn’t say a word.";"No dijo ni una palabra"
"Work";"Trabajo"
"School work";"Trabajo escolar"
"To work for a living";"Trabajar para vivir"
"Hard work";"Trabajo duro"
"To be out of work";"Estar en paro"
"An artist’s work";"La obra de un artista"
"Worker";"Trabajador"
"Working";"Trabajo, laboral"
"Workout";"Entrenamiento"
"I like a good workout at the gym.";"Me gusta un buen entrenamiento en el gimnasio"
"Work out";"Entrenar"
"I work out at the gym every day.";"Entreno en el gimnasio todos los días"
"World";"Mundo"
"Worried";"Preocupado"
"Worry";"Preocuparse"
"Worse";"Peor"
"Worst";"El peor"
"Worth";"Valer la pena"
"Would";"Haría, verbo modal"
"Wow";"¡guau!"
"Wrap";"Envolver"
"To wrap a parcel";"Envolver un paquete"
"Write";"Escribir"
"Write down";"Anotar"
"Write down an address";"Anota una dirección"
"Writer";"Escritor"
"Writing";"Escritura"
"Written";"Escrito"
"Wrong";"Incorrecto"
"Yard";"Patio, yarda"
"Yeah";"Sí"
"Year";"Año"
"Yellow";"Amarillo"
"Yes";"Sí"
"Yesterday";"Ayer"
"Yet";"Todavía, aún"
"Yoga";"Yoga"
"Yogurt";"Yogur"
"You";"Tú, usted"
"You know";"Ya sabes"
"Young";"Joven"
"Your";"Tu"
"Yours";"Tuyo, lo tuyo"
"Yourself";"Tú mismo, a tí mismo"
"Youth";"Juventud"
"Zebra";"Cebra"
"Zero";"Cero"
"Zone";"Zona"
"Zoo";"Zoo"
